"jump_grad_press","jump_grad_dens","mu_max","kappa_max","mu","kappa","ObjectId","GlobalElementId","PedigreeElementId"
1281.9,2.93103,0.000156192,0.000234285,4.48889e-07,4.48889e-07,0,1,1
2567.64,5.84608,0.000156192,0.000234285,8.74032e-07,8.74032e-07,0,2,2
2575.31,5.81086,0.000156191,0.000234285,8.76313e-07,8.76313e-07,0,3,3
2583.13,5.77242,0.000156191,0.000234285,8.75703e-07,8.75703e-07,0,4,4
2590.88,5.73345,0.000156191,0.000234286,8.77878e-07,8.77878e-07,0,5,5
2598.79,5.69438,0.000156191,0.000234286,8.77263e-07,8.77263e-07,0,6,6
2606.62,5.65477,0.000156191,0.000234286,8.79453e-07,8.79453e-07,0,7,7
2614.62,5.61504,0.00015619,0.000234286,8.78823e-07,8.78823e-07,0,8,8
2622.55,5.57478,0.00015619,0.000234286,8.81038e-07,8.81038e-07,0,9,9
2630.65,5.5344,0.00015619,0.000234286,8.80385e-07,8.80385e-07,0,10,10
2638.67,5.49349,0.00015619,0.000234286,8.82633e-07,8.82633e-07,0,11,11
2646.86,5.45244,0.000156189,0.000234286,8.81948e-07,8.81948e-07,0,12,12
2654.98,5.41086,0.000156189,0.000234286,8.84238e-07,8.84238e-07,0,13,13
2663.26,5.36914,0.000156189,0.000234286,8.83513e-07,8.83513e-07,0,14,14
2671.48,5.32687,0.000156189,0.000234287,8.85853e-07,8.85853e-07,0,15,15
2679.86,5.28448,0.000156189,0.000234287,8.85079e-07,8.85079e-07,0,16,16
2688.17,5.24152,0.000156188,0.000234287,8.87479e-07,8.87479e-07,0,17,17
2696.65,5.19843,0.000156188,0.000234287,8.86647e-07,8.86647e-07,0,18,18
2705.06,5.15476,0.000156188,0.000234287,8.89115e-07,8.89115e-07,0,19,19
2713.65,5.11097,0.000156188,0.000234287,8.88216e-07,8.88216e-07,0,20,20
2722.15,5.06659,0.000156187,0.000234287,8.90761e-07,8.90761e-07,0,21,21
2730.84,5.02209,0.000156187,0.000234287,8.89786e-07,8.89786e-07,0,22,22
2739.45,4.97698,0.000156187,0.000234287,8.92418e-07,8.92418e-07,0,23,23
2748.24,4.93176,0.000156186,0.000234287,8.91357e-07,8.91357e-07,0,24,24
2756.95,4.88592,0.000156186,0.000234288,8.94086e-07,8.94086e-07,0,25,25
2765.86,4.83997,0.000156186,0.000234288,8.92928e-07,8.92928e-07,0,26,26
2774.67,4.79339,0.000156186,0.000234288,8.95766e-07,8.95766e-07,0,27,27
2783.69,4.7467,0.000156185,0.000234288,8.94502e-07,8.94502e-07,0,28,28
2792.61,4.69938,0.000156185,0.000234288,8.97458e-07,8.97458e-07,0,29,29
2801.73,4.65195,0.000156185,0.000234288,8.96077e-07,8.96077e-07,0,30,30
2810.76,4.60387,0.000156184,0.000234288,8.99163e-07,8.99163e-07,0,31,31
2820.01,4.5557,0.000156184,0.000234288,8.97654e-07,8.97654e-07,0,32,32
2829.14,4.50685,0.000156184,0.000234289,9.00883e-07,9.00883e-07,0,33,33
2838.51,4.45792,0.000156183,0.000234289,8.99233e-07,8.99233e-07,0,34,34
2847.75,4.4083,0.000156183,0.000234289,9.02617e-07,9.02617e-07,0,35,35
2857.24,4.35861,0.000156182,0.000234289,9.00814e-07,9.00814e-07,0,36,36
2866.6,4.3082,0.000156182,0.000234289,9.04367e-07,9.04367e-07,0,37,37
2876.21,4.25774,0.000156182,0.000234289,9.02398e-07,9.02398e-07,0,38,38
2885.69,4.20652,0.000156181,0.00023429,9.06133e-07,9.06133e-07,0,39,39
2895.42,4.15528,0.000156181,0.00023429,9.03984e-07,9.03984e-07,0,40,40
2905.01,4.10326,0.00015618,0.00023429,9.07916e-07,9.07916e-07,0,41,41
2914.88,4.05122,0.00015618,0.00023429,9.05571e-07,9.05571e-07,0,42,42
2924.59,3.99837,0.000156179,0.000234291,9.09717e-07,9.09717e-07,0,43,43
2934.59,3.94552,0.000156179,0.000234291,9.0716e-07,9.0716e-07,0,44,44
2944.41,3.89184,0.000156178,0.000234291,9.11535e-07,9.11535e-07,0,45,45
2954.55,3.83818,0.000156178,0.000234291,9.08749e-07,9.08749e-07,0,46,46
2964.49,3.78365,0.000156177,0.000234291,9.13373e-07,9.13373e-07,0,47,47
2974.77,3.72917,0.000156176,0.000234292,9.10339e-07,9.10339e-07,0,48,48
2984.84,3.67378,0.000156176,0.000234292,9.1523e-07,9.1523e-07,0,49,49
2995.25,3.61846,0.000156175,0.000234292,9.1193e-07,9.1193e-07,0,50,50
3005.45,3.5622,0.000156175,0.000234292,9.17108e-07,9.17108e-07,0,51,51
3016.01,3.50605,0.000156174,0.000234293,9.13521e-07,9.13521e-07,0,52,52
3026.33,3.44891,0.000156173,0.000234293,9.19009e-07,9.19009e-07,0,53,53
3037.04,3.39191,0.000156172,0.000234293,9.15111e-07,9.15111e-07,0,54,54
3047.49,3.33387,0.000156172,0.000234294,9.20932e-07,9.20932e-07,0,55,55
3058.35,3.27602,0.000156171,0.000234294,9.16702e-07,9.16702e-07,0,56,56
3068.93,3.21708,0.00015617,0.000234294,9.22881e-07,9.22881e-07,0,57,57
3079.95,3.15836,0.000156169,0.000234295,9.18292e-07,9.18292e-07,0,58,58
3090.66,3.0985,0.000156168,0.000234295,9.24855e-07,9.24855e-07,0,59,59
3101.84,3.0389,0.000156168,0.000234295,9.1988e-07,9.1988e-07,0,60,60
3112.69,2.97811,0.000156167,0.000234296,9.26857e-07,9.26857e-07,0,61,61
3124.03,2.91762,0.000156166,0.000234296,9.21467e-07,9.21467e-07,0,62,62
3135.02,2.85588,0.000156165,0.000234297,9.28887e-07,9.28887e-07,0,63,63
3146.52,2.79449,0.000156164,0.000234297,9.23051e-07,9.23051e-07,0,64,64
3157.65,2.7318,0.000156163,0.000234297,9.30947e-07,9.30947e-07,0,65,65
3169.33,2.6695,0.000156161,0.000234298,9.24631e-07,9.24631e-07,0,66,66
3180.6,2.60583,0.00015616,0.000234298,9.33039e-07,9.33039e-07,0,67,67
3192.45,2.54261,0.000156159,0.000234299,9.26207e-07,9.26207e-07,0,68,68
3203.86,2.47795,0.000156158,0.000234299,9.35163e-07,9.35163e-07,0,69,69
3215.9,2.41381,0.000156157,0.0002343,9.27777e-07,9.27777e-07,0,70,70
3227.46,2.34814,0.000156155,0.0002343,9.37322e-07,9.37322e-07,0,71,71
3239.68,2.28306,0.000156154,0.000234301,9.29341e-07,9.29341e-07,0,72,72
3251.39,2.21638,0.000156153,0.000234302,9.39518e-07,9.39518e-07,0,73,73
3263.8,2.15035,0.000156151,0.000234302,9.30898e-07,9.30898e-07,0,74,74
3275.65,2.08264,0.00015615,0.000234303,9.41752e-07,9.41752e-07,0,75,75
3288.27,2.01566,0.000156148,0.000234303,9.32446e-07,9.32446e-07,0,76,76
3300.27,1.94689,0.000156146,0.000234304,9.44028e-07,9.44028e-07,0,77,77
3313.09,1.87895,0.000156145,0.000234305,9.33984e-07,9.33984e-07,0,78,78
3325.25,1.80912,0.000156143,0.000234305,9.46346e-07,9.46346e-07,0,79,79
3338.28,1.7402,0.000156141,0.000234306,9.35511e-07,9.35511e-07,0,80,80
3350.59,1.66929,0.000156139,0.000234307,9.4871e-07,9.4871e-07,0,81,81
3363.83,1.59938,0.000156137,0.000234308,9.37025e-07,9.37025e-07,0,82,82
3376.31,1.52738,0.000156135,0.000234309,9.51121e-07,9.51121e-07,0,83,83
3389.77,1.45648,0.000156133,0.000234309,9.38524e-07,9.38524e-07,0,84,84
3402.41,1.38336,0.000156131,0.00023431,9.53583e-07,9.53583e-07,0,85,85
3416.1,1.31146,0.000156129,0.000234311,9.40008e-07,9.40008e-07,0,86,86
3428.9,1.23721,0.000156127,0.000234312,9.56099e-07,9.56099e-07,0,87,87
3442.83,1.16431,0.000156124,0.000234313,9.41472e-07,9.41472e-07,0,88,88
3455.8,1.08891,0.000156122,0.000234314,9.5867e-07,9.5867e-07,0,89,89
3469.97,1.01498,0.000156119,0.000234315,9.42917e-07,9.42917e-07,0,90,90
3483.11,0.938419,0.000156117,0.000234316,9.61302e-07,9.61302e-07,0,91,91
3497.54,0.863472,0.000156114,0.000234317,9.44339e-07,9.44339e-07,0,92,92
3510.85,0.785726,0.000156111,0.000234319,9.63997e-07,9.63997e-07,0,93,93
3525.54,0.709748,0.000156108,0.00023432,9.45736e-07,9.45736e-07,0,94,94
3539.02,0.630804,0.000156105,0.000234321,9.66759e-07,9.66759e-07,0,95,95
3553.98,0.55379,0.000156102,0.000234322,9.47106e-07,9.47106e-07,0,96,96
3567.65,0.473629,0.000156099,0.000234324,9.69593e-07,9.69593e-07,0,97,97
3582.89,0.395574,0.000156095,0.000234325,9.48447e-07,9.48447e-07,0,98,98
3596.73,0.314178,0.000156092,0.000234327,9.72503e-07,9.72503e-07,0,99,99
3612.27,0.235081,0.000156088,0.000234328,9.49755e-07,9.49755e-07,0,100,100
3626.3,0.15243,0.000156084,0.00023433,9.75493e-07,9.75493e-07,0,101,101
3642.14,0.0722563,0.00015608,0.000234331,9.51027e-07,9.51027e-07,0,102,102
3656.37,0.0882412,0.000156076,0.000234333,9.82021e-07,9.82021e-07,0,103,103
3672.53,0.0936784,0.000156072,0.000234334,9.58704e-07,9.58704e-07,0,104,104
3686.94,0.18003,0.000156068,0.000234336,9.94128e-07,9.94128e-07,0,105,105
3703.42,0.26409,0.000156063,0.000234338,9.71609e-07,9.71609e-07,0,106,106
3718.02,0.353161,0.000156059,0.00023434,1.00924e-06,1.00924e-06,0,107,107
3734.85,0.439751,0.000156054,0.000234342,9.84733e-07,9.84733e-07,0,108,108
3749.65,0.531672,0.000156049,0.000234344,1.02473e-06,1.02473e-06,0,109,109
3766.82,0.620883,0.000156044,0.000234346,9.98079e-07,9.98079e-07,0,110,110
3781.83,0.715768,0.000156038,0.000234348,1.04061e-06,1.04061e-06,0,111,111
3799.38,0.807692,0.000156033,0.000234351,1.01165e-06,1.01165e-06,0,112,112
3814.59,0.905656,0.000156027,0.000234353,1.05689e-06,1.05689e-06,0,113,113
3832.53,1.00039,0.000156021,0.000234355,1.02546e-06,1.02546e-06,0,114,114
3847.96,1.10156,0.000156015,0.000234358,1.07359e-06,1.07359e-06,0,115,115
3866.31,1.1992,0.000156008,0.00023436,1.0395e-06,1.0395e-06,0,116,116
3881.96,1.30369,0.000156002,0.000234363,1.09072e-06,1.09072e-06,0,117,117
3900.74,1.40434,0.000155995,0.000234366,1.05377e-06,1.05377e-06,0,118,118
3916.61,1.51229,0.000155988,0.000234369,1.10831e-06,1.10831e-06,0,119,119
3935.85,1.61605,0.00015598,0.000234372,1.06829e-06,1.06829e-06,0,120,120
3951.96,1.72759,0.000155973,0.000234375,1.12636e-06,1.12636e-06,0,121,121
3971.67,1.83457,0.000155965,0.000234378,1.08306e-06,1.08306e-06,0,122,122
3988.03,1.94985,0.000155957,0.000234381,1.14492e-06,1.14492e-06,0,123,123
4008.25,2.06015,0.000155948,0.000234385,1.09808e-06,1.09808e-06,0,124,124
4024.87,2.1793,0.000155939,0.000234388,1.16398e-06,1.16398e-06,0,125,125
4045.63,2.29303,0.00015593,0.000234392,1.11336e-06,1.11336e-06,0,126,126
4062.52,2.4162,0.000155921,0.000234396,1.18358e-06,1.18358e-06,0,127,127
4083.84,2.53348,0.000155911,0.0002344,1.1289e-06,1.1289e-06,0,128,128
4101.02,2.66081,0.000155901,0.000234404,1.20374e-06,1.20374e-06,0,129,129
4122.95,2.78175,0.00015589,0.000234408,1.1447e-06,1.1447e-06,0,130,130
4140.42,2.9134,0.000155879,0.000234413,1.22448e-06,1.22448e-06,0,131,131
4163.01,3.03809,0.000155868,0.000234417,1.16077e-06,1.16077e-06,0,132,132
4180.8,3.17422,0.000155856,0.000234422,1.24584e-06,1.24584e-06,0,133,133
4204.08,3.30278,0.000155844,0.000234426,1.17713e-06,1.17713e-06,0,134,134
4222.22,3.44354,0.000155832,0.000234431,1.26784e-06,1.26784e-06,0,135,135
4246.24,3.57606,0.000155819,0.000234436,1.19376e-06,1.19376e-06,0,136,136
4264.75,3.72161,0.000155805,0.000234442,1.2905e-06,1.2905e-06,0,137,137
4289.57,3.8582,0.000155791,0.000234447,1.21069e-06,1.21069e-06,0,138,138
4308.48,4.00868,0.000155777,0.000234453,1.31388e-06,1.31388e-06,0,139,139
4334.17,4.14943,0.000155762,0.000234459,1.22791e-06,1.22791e-06,0,140,140
4353.5,4.305,0.000155746,0.000234465,1.33799e-06,1.33799e-06,0,141,141
4380.13,4.44999,0.00015573,0.000234471,1.24544e-06,1.24544e-06,0,142,142
4399.94,4.6108,0.000155714,0.000234478,1.36287e-06,1.36287e-06,0,143,143
4427.58,4.76011,0.000155696,0.000234485,1.26329e-06,1.26329e-06,0,144,144
4447.91,4.92631,0.000155679,0.000234492,1.38857e-06,1.38857e-06,0,145,145
4476.65,5.08,0.00015566,0.000234499,1.28147e-06,1.28147e-06,0,146,146
4497.55,5.25171,0.000155641,0.000234507,1.41513e-06,1.41513e-06,0,147,147
4527.49,5.40982,0.000155621,0.000234514,1.29998e-06,1.29998e-06,0,148,148
4548.98,5.58748,0.0001556,0.000234522,1.44259e-06,1.44259e-06,0,149,149
4580.1,5.75097,0.000155579,0.00023453,1.32535e-06,1.32535e-06,0,150,150
4602.11,5.9357,0.000155557,0.000234539,1.47101e-06,1.47101e-06,0,151,151
4634.44,6.10514,0.000155534,0.000234548,1.35203e-06,1.35203e-06,0,152,152
4656.99,6.29737,0.00015551,0.000234557,1.50042e-06,1.50042e-06,0,153,153
4690.62,6.47307,0.000155486,0.000234566,1.37967e-06,1.37967e-06,0,154,154
4713.74,6.6732,0.00015546,0.000234576,1.53088e-06,1.53088e-06,0,155,155
4748.76,6.85545,0.000155434,0.000234586,1.40831e-06,1.40831e-06,0,156,156
4772.5,7.06391,0.000155407,0.000234596,1.56245e-06,1.56245e-06,0,157,157
4809.01,7.25303,0.000155378,0.000234607,1.43802e-06,1.43802e-06,0,158,158
4833.4,7.47028,0.000155349,0.000234618,1.59518e-06,1.59518e-06,0,159,159
4871.51,7.66661,0.000155319,0.000234629,1.46885e-06,1.46885e-06,0,160,160
4896.61,7.89313,0.000155287,0.000234641,1.62912e-06,1.62912e-06,0,161,161
4936.45,8.09701,0.000155255,0.000234653,1.50085e-06,1.50085e-06,0,162,162
4962.3,8.33333,0.000155221,0.000234666,1.66435e-06,1.66435e-06,0,163,163
5003.99,8.54514,0.000155186,0.000234679,1.53409e-06,1.53409e-06,0,164,164
5030.67,8.7918,0.00015515,0.000234692,1.70093e-06,1.70093e-06,0,165,165
5074.35,9.01193,0.000155112,0.000234706,1.56863e-06,1.56863e-06,0,166,166
5101.93,9.26951,0.000155073,0.00023472,1.73894e-06,1.73894e-06,0,167,167
5147.76,9.49838,0.000155033,0.000234734,1.60455e-06,1.60455e-06,0,168,168
5176.31,9.76751,0.000154991,0.00023475,1.77844e-06,1.77844e-06,0,169,169
5224.48,10.0056,0.000154948,0.000234765,1.6419e-06,1.6419e-06,0,170,170
5254.08,10.2869,0.000154903,0.000234781,1.81951e-06,1.81951e-06,0,171,171
5304.77,10.5346,0.000154857,0.000234798,1.68078e-06,1.68078e-06,0,172,172
5335.54,10.8288,0.000154809,0.000234815,1.86225e-06,1.86225e-06,0,173,173
5388.97,11.0866,0.000154759,0.000234832,1.72126e-06,1.72126e-06,0,174,174
5421.01,11.3945,0.000154707,0.00023485,1.90674e-06,1.90674e-06,0,175,175
5477.41,11.6629,0.000154653,0.000234869,1.76342e-06,1.76342e-06,0,176,176
5510.87,11.9853,0.000154598,0.000234888,1.95308e-06,1.95308e-06,0,177,177
5570.5,12.2648,0.000154541,0.000234907,1.80736e-06,1.80736e-06,0,178,178
5605.52,12.6025,0.000154481,0.000234928,2.00135e-06,2.00135e-06,0,179,179
5668.68,12.8937,0.000154419,0.000234948,1.85317e-06,1.85317e-06,0,180,180
5705.42,13.2475,0.000154356,0.00023497,2.05168e-06,2.05168e-06,0,181,181
5772.44,13.5509,0.000154289,0.000234991,1.90096e-06,1.90096e-06,0,182,182
5811.12,13.9219,0.000154221,0.000235014,2.10417e-06,2.10417e-06,0,183,183
5882.35,14.2381,0.00015415,0.000235037,1.95082e-06,1.95082e-06,0,184,184
5923.19,14.6271,0.000154076,0.000235061,2.15894e-06,2.15894e-06,0,185,185
5999.05,14.9567,0.000154,0.000235085,2.00287e-06,2.00287e-06,0,186,186
6042.31,15.3649,0.000153921,0.00023511,2.21611e-06,2.21611e-06,0,187,187
6123.27,15.7084,0.000153839,0.000235136,2.05723e-06,2.05723e-06,0,188,188
6169.27,16.1367,0.000153754,0.000235162,2.27582e-06,2.27582e-06,0,189,189
6255.83,16.4947,0.000153666,0.000235189,2.11402e-06,2.11402e-06,0,190,190
6304.93,16.9442,0.000153575,0.000235217,2.33821e-06,2.33821e-06,0,191,191
6397.7,17.3172,0.000153481,0.000235244,2.17337e-06,2.17337e-06,0,192,192
6450.31,17.7891,0.000153383,0.000235273,2.40342e-06,2.40342e-06,0,193,193
6549.96,18.1776,0.000153281,0.000235302,2.23543e-06,2.23543e-06,0,194,194
6606.59,18.673,0.000153177,0.000235333,2.47161e-06,2.47161e-06,0,195,195
6713.89,19.0774,0.000153068,0.000235363,2.30033e-06,2.30033e-06,0,196,196
6775.12,19.5973,0.000152955,0.000235395,2.54296e-06,2.54296e-06,0,197,197
6890.96,20.0178,0.000152838,0.000235426,2.36824e-06,2.36824e-06,0,198,198
6957.48,20.5634,0.000152717,0.000235459,2.61764e-06,2.61764e-06,0,199,199
7082.89,21.0002,0.000152591,0.000235491,2.43932e-06,2.43932e-06,0,200,200
7155.52,21.5723,0.000152462,0.000235525,2.69584e-06,2.69584e-06,0,201,201
7291.69,22.0252,0.000152327,0.000235559,2.51375e-06,2.51375e-06,0,202,202
7371.42,22.6246,0.000152187,0.000235594,2.77777e-06,2.77777e-06,0,203,203
7519.74,23.0933,0.000152043,0.000235628,2.5917e-06,2.5917e-06,0,204,204
7607.76,23.7206,0.000151893,0.000235664,2.86364e-06,2.86364e-06,0,205,205
7769.87,24.204,0.000151738,0.000235699,2.67339e-06,2.67339e-06,0,206,206
7867.61,24.8593,0.000151577,0.000235736,2.95369e-06,2.95369e-06,0,207,207
8045.44,25.3562,0.00015141,0.000235772,2.75902e-06,2.75902e-06,0,208,208
8154.64,26.0392,0.000151237,0.000235809,3.04817e-06,3.04817e-06,0,209,209
8350.51,26.5472,0.000151058,0.000235845,2.84883e-06,2.84883e-06,0,210,210
8473.28,27.2567,0.000150873,0.000235883,3.14735e-06,3.14735e-06,0,211,211
8689.98,27.7726,0.00015068,0.000235919,2.94305e-06,2.94305e-06,0,212,212
8828.94,28.5065,0.000150481,0.000235956,3.25153e-06,3.25153e-06,0,213,213
9069.82,29.0254,0.000150274,0.000235992,3.04196e-06,3.04196e-06,0,214,214
9228.2,29.7803,0.000150061,0.000236029,3.36103e-06,3.36103e-06,0,215,215
9497.37,30.2954,0.000149839,0.000236065,3.14585e-06,3.14585e-06,0,216,216
9679.22,31.0656,0.000149609,0.000236101,3.4762e-06,3.4762e-06,0,217,217
9981.75,31.5675,0.000149371,0.000236135,3.25503e-06,3.25503e-06,0,218,218
10192.1,32.3446,0.000149124,0.00023617,3.59743e-06,3.59743e-06,0,219,219
10534.4,32.8201,0.000148868,0.000236202,3.36985e-06,3.36985e-06,0,220,220
10779.7,33.592,0.000148603,0.000236235,3.72513e-06,3.72513e-06,0,221,221
11169.6,34.0229,0.000148329,0.000236265,3.49069e-06,3.49069e-06,0,222,222
11458.1,34.7718,0.000148044,0.000236295,3.85978e-06,3.85978e-06,0,223,223
11905.7,35.1327,0.000147749,0.000236322,3.61796e-06,3.61796e-06,0,224,224
12248.2,35.8332,0.000147443,0.000236348,4.00187e-06,4.00187e-06,0,225,225
12766.6,36.089,0.000147126,0.00023637,3.75213e-06,3.75213e-06,0,226,226
13176.9,36.7051,0.000146797,0.000236392,4.15198e-06,4.15198e-06,0,227,227
13783.3,36.8065,0.000146457,0.000236409,3.89369e-06,3.89369e-06,0,228,228
14279.9,37.2862,0.000146104,0.000236425,4.31071e-06,4.31071e-06,0,229,229
14996.8,37.1644,0.000145739,0.000236436,4.04319e-06,4.04319e-06,0,230,230
15604.7,37.4333,0.000145359,0.000236444,4.47873e-06,4.47873e-06,0,231,231
16462.6,36.9902,0.000144967,0.000236447,4.20123e-06,4.20123e-06,0,232,232
17215.6,36.9408,0.000144559,0.000236447,4.65675e-06,4.65675e-06,0,233,233
18256.3,36.036,0.000144137,0.00023644,4.36843e-06,4.36843e-06,0,234,234
19201.5,35.5116,0.000143699,0.000236429,4.84551e-06,4.84551e-06,0,235,235
20483.5,33.941,0.000143246,0.00023641,4.54542e-06,4.54542e-06,0,236,236
21687.5,32.7099,0.000142774,0.000236386,5.04572e-06,5.04572e-06,0,237,237
23294,30.1729,0.000142288,0.000236354,4.73281e-06,4.73281e-06,0,238,238
24853.2,27.8876,0.00014178,0.000236314,5.25804e-06,5.25804e-06,0,239,239
26904.2,23.9381,0.000141258,0.000236266,4.93101e-06,4.93101e-06,0,240,240
28734.4,21.0149,0.000140711,0.000236208,5.47836e-06,5.47836e-06,0,241,241
34496.8,25.7808,0.000140148,0.000236139,5.85054e-06,5.85054e-06,0,242,242
52773.1,236.846,0.000139532,0.000236045,1.45209e-05,1.45209e-05,0,243,243
317036,1427.82,0.000138493,0.000235674,8.01037e-05,8.01037e-05,0,244,244
565794,2490.87,0.000135029,0.000233707,0.000131445,0.000131445,0,245,245
1.07953e+06,3873.66,0.000127541,0.000228936,0.000193354,0.000193354,0,246,246
971421,3473.76,0.000114204,0.000220413,0.000142573,0.000142573,0,247,247
892637,3333.88,9.92677e-05,0.000210678,0.000134953,0.000134953,0,248,248
951517,3166.03,9.02833e-05,0.000204517,0.000141558,0.000141558,0,249,249
480161,1559.81,8.60858e-05,0.000201363,7.26082e-05,7.26082e-05,0,250,250
276814,954.472,8.40214e-05,0.000199582,4.38117e-05,4.38117e-05,0,251,251
85871.7,322.925,8.29127e-05,0.000198435,1.50823e-05,1.50823e-05,0,252,252
93209.2,317.384,8.19439e-05,0.000197381,1.54439e-05,1.54439e-05,0,253,253
72204,245.221,8.10923e-05,0.000196425,1.21691e-05,1.21691e-05,0,254,254
57794.6,197.842,8.02679e-05,0.000195505,9.9455e-06,9.9455e-06,0,255,255
46547.9,161.561,7.95283e-05,0.000194659,8.23408e-06,8.23408e-06,0,256,256
40623.9,141.955,7.88263e-05,0.000193855,7.28195e-06,7.28195e-06,0,257,257
34668.5,122.379,7.81848e-05,0.000193108,6.35414e-06,6.35414e-06,0,258,258
31332.9,111.617,7.75786e-05,0.000192401,5.79997e-06,5.79997e-06,0,259,259
27543.1,98.8938,7.70201e-05,0.000191741,5.1952e-06,5.1952e-06,0,260,260
25448.8,92.3415,7.64932e-05,0.000191116,4.83264e-06,4.83264e-06,0,261,261
22805.4,83.2329,7.60055e-05,0.000190532,4.4e-06,4.4e-06,0,262,262
21385.6,78.9673,7.55455e-05,0.000189979,4.14295e-06,4.14295e-06,0,263,263
19430.1,72.0308,7.51184e-05,0.000189462,3.8148e-06,3.8148e-06,0,264,264
18412.7,69.1242,7.47157e-05,0.000188973,3.62182e-06,3.62182e-06,0,265,265
16905.8,63.6149,7.43409e-05,0.000188514,3.36299e-06,3.36299e-06,0,266,266
16145.1,61.5665,7.39873e-05,0.000188081,3.21178e-06,3.21178e-06,0,267,267
14948.8,57.0579,7.36577e-05,0.000187674,3.00197e-06,3.00197e-06,0,268,268
14360.4,55.5753,7.33467e-05,0.000187289,2.87949e-06,2.87949e-06,0,269,269
13388.9,51.8036,7.30563e-05,0.000186928,2.70602e-06,2.70602e-06,0,270,270
12920.9,50.7056,7.27822e-05,0.000186587,2.60416e-06,2.60416e-06,0,271,271
12117.5,47.4978,7.2526e-05,0.000186266,2.45865e-06,2.45865e-06,0,272,272
11736.6,46.6671,7.22842e-05,0.000185963,2.37209e-06,2.37209e-06,0,273,273
11062.5,43.9039,7.20578e-05,0.000185678,2.2487e-06,2.2487e-06,0,274,274
10746.4,43.262,7.18441e-05,0.000185409,2.17382e-06,2.17382e-06,0,275,275
10173.9,40.8577,7.1644e-05,0.000185155,2.06833e-06,2.06833e-06,0,276,276
9906.89,40.3507,7.14549e-05,0.000184916,2.00259e-06,2.00259e-06,0,277,277
9415.71,38.2419,7.12777e-05,0.00018469,1.91183e-06,1.91183e-06,0,278,278
9186.92,37.8321,7.11103e-05,0.000184477,1.85338e-06,1.85338e-06,0,279,279
8761.8,35.9702,7.09533e-05,0.000184277,1.77492e-06,1.77492e-06,0,280,280
8563.17,35.6307,7.0805e-05,0.000184087,1.72238e-06,1.72238e-06,0,281,281
8192.41,33.9778,7.06658e-05,0.000183909,1.6543e-06,1.6543e-06,0,282,282
8018.01,33.6894,7.05342e-05,0.00018374,1.60665e-06,1.60665e-06,0,283,283
7692.48,32.2152,7.04107e-05,0.000183582,1.54741e-06,1.54741e-06,0,284,284
7537.8,31.9639,7.02939e-05,0.000183432,1.50383e-06,1.50383e-06,0,285,285
7250.26,30.6437,7.01843e-05,0.00018329,1.45219e-06,1.45219e-06,0,286,286
7111.85,30.4195,7.00806e-05,0.000183157,1.41205e-06,1.41205e-06,0,287,287
6856.49,29.2328,6.99833e-05,0.000183031,1.36696e-06,1.36696e-06,0,288,288
6731.64,29.0284,6.98911e-05,0.000182912,1.32976e-06,1.32976e-06,0,289,289
6503.74,27.9584,6.98046e-05,0.0001828,1.29037e-06,1.29037e-06,0,290,290
6390.34,27.7683,6.97227e-05,0.000182694,1.2557e-06,1.2557e-06,0,291,291
6186.02,26.8005,6.96458e-05,0.000182594,1.22126e-06,1.22126e-06,0,292,292
6082.35,26.6209,6.9573e-05,0.0001825,1.1888e-06,1.1888e-06,0,293,293
5898.42,25.7433,6.95046e-05,0.000182411,1.1587e-06,1.1587e-06,0,294,294
5803.12,25.5713,6.94399e-05,0.000182327,1.12818e-06,1.12818e-06,0,295,295
5636.89,24.7734,6.9379e-05,0.000182247,1.10188e-06,1.10188e-06,0,296,296
5548.83,24.6071,6.93214e-05,0.000182172,1.07306e-06,1.07306e-06,0,297,297
5398.05,23.8798,6.92673e-05,0.000182102,1.05011e-06,1.05011e-06,0,298,298
5316.33,23.7178,6.9216e-05,0.000182035,1.02281e-06,1.02281e-06,0,299,299
5179.09,23.0532,6.91678e-05,0.000181972,1.0028e-06,1.0028e-06,0,300,300
5102.93,22.8945,6.91222e-05,0.000181913,9.76871e-07,9.76871e-07,0,301,301
4977.61,22.286,6.90793e-05,0.000181857,9.59461e-07,9.59461e-07,0,302,302
4906.37,22.1299,6.90386e-05,0.000181804,9.34753e-07,9.34753e-07,0,303,303
4791.59,21.5714,6.90005e-05,0.000181754,9.19642e-07,9.19642e-07,0,304,304
4724.73,21.4176,6.89643e-05,0.000181706,8.96043e-07,8.96043e-07,0,305,305
4619.3,20.9039,6.89303e-05,0.000181662,8.82967e-07,8.82967e-07,0,306,306
4556.37,20.752,6.8898e-05,0.00018162,8.60376e-07,8.60376e-07,0,307,307
4459.24,20.2785,6.88677e-05,0.00018158,8.49104e-07,8.49104e-07,0,308,308
4399.87,20.1285,6.8839e-05,0.000181543,8.27435e-07,8.27435e-07,0,309,309
4310.15,19.6911,6.8812e-05,0.000181507,8.17764e-07,8.17764e-07,0,310,310
4253.98,19.5429,6.87864e-05,0.000181474,7.9694e-07,7.9694e-07,0,311,311
4170.9,19.138,6.87624e-05,0.000181442,7.88691e-07,7.88691e-07,0,312,312
4117.65,18.9917,6.87396e-05,0.000181412,7.68646e-07,7.68646e-07,0,313,313
4040.53,18.6161,6.87182e-05,0.000181384,7.6166e-07,7.6166e-07,0,314,314
3989.95,18.4717,6.86979e-05,0.000181358,7.42337e-07,7.42337e-07,0,315,315
3918.18,18.1226,6.86788e-05,0.000181333,7.36475e-07,7.36475e-07,0,316,316
3870.06,17.9802,6.86607e-05,0.000181309,7.17821e-07,7.17821e-07,0,317,317
3803.13,17.655,6.86437e-05,0.000181287,7.12958e-07,7.12958e-07,0,318,318
3757.26,17.5146,6.86275e-05,0.000181266,6.94927e-07,6.94927e-07,0,319,319
3694.71,17.2112,6.86124e-05,0.000181246,6.90956e-07,6.90956e-07,0,320,320
3650.92,17.0729,6.8598e-05,0.000181227,6.73506e-07,6.73506e-07,0,321,321
3592.34,16.7892,6.85845e-05,0.000181209,6.70329e-07,6.70329e-07,0,322,322
3550.49,16.653,6.85716e-05,0.000181192,6.53422e-07,6.53422e-07,0,323,323
3495.51,16.3874,6.85596e-05,0.000181177,6.50954e-07,6.50954e-07,0,324,324
3455.46,16.2534,6.85482e-05,0.000181162,6.34558e-07,6.34558e-07,0,325,325
3403.77,16.0041,6.85374e-05,0.000181148,6.32719e-07,6.32719e-07,0,326,326
3365.4,15.8725,6.85272e-05,0.000181134,6.16805e-07,6.16805e-07,0,327,327
3316.7,15.638,6.85177e-05,0.000181122,6.15528e-07,6.15528e-07,0,328,328
3279.91,15.5088,6.85086e-05,0.00018111,6.00069e-07,6.00069e-07,0,329,329
3233.95,15.2879,6.85001e-05,0.000181099,5.99292e-07,5.99292e-07,0,330,330
3198.63,15.1611,6.8492e-05,0.000181088,5.84261e-07,5.84261e-07,0,331,331
3155.18,14.9527,6.84844e-05,0.000181078,5.83932e-07,5.83932e-07,0,332,332
3121.25,14.8283,6.84771e-05,0.000181069,5.69307e-07,5.69307e-07,0,333,333
3080.11,14.6313,6.84704e-05,0.00018106,5.69377e-07,5.69377e-07,0,334,334
3047.48,14.5094,6.84639e-05,0.000181051,5.55138e-07,5.55138e-07,0,335,335
3008.46,14.3228,6.84579e-05,0.000181043,5.55561e-07,5.55561e-07,0,336,336
2977.07,14.2035,6.84522e-05,0.000181036,5.41689e-07,5.41689e-07,0,337,337
2940.01,14.0265,6.84468e-05,0.000181029,5.42429e-07,5.42429e-07,0,338,338
2909.77,13.9096,6.84417e-05,0.000181022,5.28905e-07,5.28905e-07,0,339,339
2874.54,13.7415,6.84369e-05,0.000181016,5.29928e-07,5.29928e-07,0,340,340
2845.38,13.627,6.84323e-05,0.00018101,5.16735e-07,5.16735e-07,0,341,341
2811.82,13.467,6.84281e-05,0.000181004,5.18008e-07,5.18008e-07,0,342,342
2783.72,13.3551,6.8424e-05,0.000180999,5.05135e-07,5.05135e-07,0,343,343
2751.68,13.2025,6.84202e-05,0.000180994,5.06626e-07,5.06626e-07,0,344,344
2724.6,13.0932,6.84166e-05,0.000180989,4.94062e-07,4.94062e-07,0,345,345
2693.98,12.9475,6.84132e-05,0.000180985,4.95747e-07,4.95747e-07,0,346,346
2667.85,12.8406,6.84099e-05,0.000180981,4.83475e-07,4.83475e-07,0,347,347
2638.57,12.7013,6.84069e-05,0.000180977,4.85335e-07,4.85335e-07,0,348,348
2613.32,12.5967,6.8404e-05,0.000180973,4.7334e-07,4.7334e-07,0,349,349
2585.31,12.4635,6.84014e-05,0.00018097,4.75357e-07,4.75357e-07,0,350,350
2560.89,12.3612,6.83988e-05,0.000180966,4.63628e-07,4.63628e-07,0,351,351
2534.05,12.2335,6.83964e-05,0.000180963,4.65782e-07,4.65782e-07,0,352,352
2510.44,12.1336,6.83941e-05,0.00018096,4.54311e-07,4.54311e-07,0,353,353
2484.68,12.0109,6.8392e-05,0.000180957,4.56583e-07,4.56583e-07,0,354,354
2461.86,11.9133,6.83899e-05,0.000180955,4.45362e-07,4.45362e-07,0,355,355
2437.1,11.7954,6.8388e-05,0.000180952,4.47737e-07,4.47737e-07,0,356,356
2415.01,11.7,6.83862e-05,0.00018095,4.36756e-07,4.36756e-07,0,357,357
2391.23,11.5866,6.83845e-05,0.000180948,4.39222e-07,4.39222e-07,0,358,358
2369.82,11.4933,6.83829e-05,0.000180946,4.2847e-07,4.2847e-07,0,359,359
2346.94,11.3841,6.83814e-05,0.000180944,4.31017e-07,4.31017e-07,0,360,360
2326.19,11.2929,6.83799e-05,0.000180942,4.20905e-07,4.20905e-07,0,361,361
2304.17,11.1876,6.83786e-05,0.00018094,4.23101e-07,4.23101e-07,0,362,362
2284.02,11.0983,6.83773e-05,0.000180939,4.13792e-07,4.13792e-07,0,363,363
2262.81,10.9967,6.83761e-05,0.000180937,4.15456e-07,4.15456e-07,0,364,364
2243.26,10.9093,6.8375e-05,0.000180936,4.06871e-07,4.06871e-07,0,365,365
2222.77,10.811,6.83739e-05,0.000180934,4.08062e-07,4.08062e-07,0,366,366
2203.84,10.7257,6.83729e-05,0.000180933,4.00135e-07,4.00135e-07,0,367,367
2184.01,10.6305,6.83719e-05,0.000180932,4.00907e-07,4.00907e-07,0,368,368
2165.65,10.5471,6.8371e-05,0.000180931,3.93572e-07,3.93572e-07,0,369,369
2146.49,10.4549,6.83701e-05,0.00018093,3.93982e-07,3.93982e-07,0,370,370
2128.64,10.3732,6.83693e-05,0.000180929,3.87174e-07,3.87174e-07,0,371,371
2110.14,10.2839,6.83685e-05,0.000180928,3.87273e-07,3.87273e-07,0,372,372
2092.77,10.2039,6.83678e-05,0.000180927,3.80938e-07,3.80938e-07,0,373,373
2074.87,10.1173,6.83671e-05,0.000180926,3.80764e-07,3.80764e-07,0,374,374
2058,10.039,6.83664e-05,0.000180925,3.74861e-07,3.74861e-07,0,375,375
2040.64,9.95476,6.83658e-05,0.000180924,3.74444e-07,3.74444e-07,0,376,376
2024.26,9.87822,6.83652e-05,0.000180924,3.68932e-07,3.68932e-07,0,377,377
2007.44,9.79632,6.83647e-05,0.000180923,3.68308e-07,3.68308e-07,0,378,378
1991.48,9.7213,6.83642e-05,0.000180922,3.63143e-07,3.63143e-07,0,379,379
1975.19,9.64167,6.83637e-05,0.000180922,3.62344e-07,3.62344e-07,0,380,380
1959.67,9.56818,6.83632e-05,0.000180921,3.57495e-07,3.57495e-07,0,381,381
1943.84,9.49056,6.83627e-05,0.000180921,3.5654e-07,3.5654e-07,0,382,382
1928.75,9.41864,6.83623e-05,0.00018092,3.5198e-07,3.5198e-07,0,383,383
1913.38,9.34296,6.83619e-05,0.00018092,3.50892e-07,3.50892e-07,0,384,384
1898.68,9.27243,6.83615e-05,0.000180919,3.46589e-07,3.46589e-07,0,385,385
1883.76,9.19867,6.83611e-05,0.000180919,3.45392e-07,3.45392e-07,0,386,386
1869.43,9.12948,6.83608e-05,0.000180919,3.41319e-07,3.41319e-07,0,387,387
1854.92,9.05747,6.83604e-05,0.000180918,3.40029e-07,3.40029e-07,0,388,388
1840.97,8.98962,6.83601e-05,0.000180918,3.36168e-07,3.36168e-07,0,389,389
1826.86,8.91926,6.83598e-05,0.000180918,3.34799e-07,3.34799e-07,0,390,390
1813.26,8.85269,6.83595e-05,0.000180917,3.31128e-07,3.31128e-07,0,391,391
1799.53,8.78388,6.83592e-05,0.000180917,3.29694e-07,3.29694e-07,0,392,392
1786.27,8.71855,6.83589e-05,0.000180917,3.26196e-07,3.26196e-07,0,393,393
1772.89,8.65122,6.83587e-05,0.000180916,3.24709e-07,3.24709e-07,0,394,394
1759.96,8.58705,6.83584e-05,0.000180916,3.21366e-07,3.21366e-07,0,395,395
1746.94,8.52112,6.83582e-05,0.000180916,3.19838e-07,3.19838e-07,0,396,396
1734.32,8.45809,6.8358e-05,0.000180916,3.16635e-07,3.16635e-07,0,397,397
1721.62,8.39348,6.83577e-05,0.000180916,3.15075e-07,3.15075e-07,0,398,398
1709.3,8.33151,6.83575e-05,0.000180915,3.11998e-07,3.11998e-07,0,399,399
1696.93,8.26819,6.83573e-05,0.000180915,3.10415e-07,3.10415e-07,0,400,400
1684.89,8.2072,6.83571e-05,0.000180915,3.0745e-07,3.0745e-07,0,401,401
1672.83,8.1451,6.83569e-05,0.000180915,3.05854e-07,3.05854e-07,0,402,402
1661.06,8.08507,6.83567e-05,0.000180915,3.02989e-07,3.02989e-07,0,403,403
1649.29,8.02409,6.83565e-05,0.000180915,3.01385e-07,3.01385e-07,0,404,404
1637.79,7.96501,6.83563e-05,0.000180914,2.98611e-07,2.98611e-07,0,405,405
1626.29,7.90507,6.83561e-05,0.000180914,2.97003e-07,2.97003e-07,0,406,406
1615.05,7.84691,6.83559e-05,0.000180914,2.94312e-07,2.94312e-07,0,407,407
1603.81,7.78794,6.83558e-05,0.000180914,2.92706e-07,2.92706e-07,0,408,408
1592.83,7.73063,6.83556e-05,0.000180914,2.90089e-07,2.90089e-07,0,409,409
1581.84,7.67262,6.83554e-05,0.000180914,2.8849e-07,2.8849e-07,0,410,410
1571.08,7.61609,6.83552e-05,0.000180914,2.85936e-07,2.85936e-07,0,411,411
1560.36,7.55899,6.83551e-05,0.000180913,2.8435e-07,2.8435e-07,0,412,412
1549.82,7.50321,6.83549e-05,0.000180913,2.81852e-07,2.81852e-07,0,413,413
1539.32,7.44693,6.83547e-05,0.000180913,2.80281e-07,2.80281e-07,0,414,414
1529.01,7.39192,6.83545e-05,0.000180913,2.77835e-07,2.77835e-07,0,415,415
1518.72,7.33638,6.83544e-05,0.000180913,2.7628e-07,2.7628e-07,0,416,416
1508.63,7.28206,6.83542e-05,0.000180913,2.73879e-07,2.73879e-07,0,417,417
1498.56,7.22727,6.8354e-05,0.000180913,2.72345e-07,2.72345e-07,0,418,418
1488.65,7.17357,6.83539e-05,0.000180913,2.69981e-07,2.69981e-07,0,419,419
1478.79,7.11948,6.83537e-05,0.000180913,2.68472e-07,2.68472e-07,0,420,420
1469.09,7.0664,6.83535e-05,0.000180913,2.6614e-07,2.6614e-07,0,421,421
1459.42,7.01294,6.83534e-05,0.000180912,2.64656e-07,2.64656e-07,0,422,422
1449.89,6.9604,6.83532e-05,0.000180912,2.62351e-07,2.62351e-07,0,423,423
1440.43,6.90761,6.8353e-05,0.000180912,2.60898e-07,2.60898e-07,0,424,424
1431.06,6.85552,6.83528e-05,0.000180912,2.58611e-07,2.58611e-07,0,425,425
1421.79,6.80333,6.83527e-05,0.000180912,2.57191e-07,2.57191e-07,0,426,426
1412.59,6.75175,6.83525e-05,0.000180912,2.54921e-07,2.54921e-07,0,427,427
1403.47,6.7,6.83523e-05,0.000180912,2.5353e-07,2.5353e-07,0,428,428
1394.47,6.64897,6.83521e-05,0.000180912,2.51277e-07,2.51277e-07,0,429,429
1385.49,6.59763,6.8352e-05,0.000180912,2.49916e-07,2.49916e-07,0,430,430
1376.65,6.54703,6.83518e-05,0.000180911,2.47673e-07,2.47673e-07,0,431,431
1367.84,6.49617,6.83516e-05,0.000180911,2.46348e-07,2.46348e-07,0,432,432
1359.13,6.44589,6.83514e-05,0.000180911,2.44107e-07,2.44107e-07,0,433,433
1350.49,6.39549,6.83512e-05,0.000180911,2.42821e-07,2.42821e-07,0,434,434
1341.91,6.34554,6.8351e-05,0.000180911,2.40579e-07,2.40579e-07,0,435,435
1333.41,6.29547,6.83508e-05,0.000180911,2.39329e-07,2.39329e-07,0,436,436
1324.98,6.24591,6.83506e-05,0.000180911,2.37088e-07,2.37088e-07,0,437,437
1316.6,6.1961,6.83504e-05,0.000180911,2.35873e-07,2.35873e-07,0,438,438
1308.31,6.14684,6.83502e-05,0.000180911,2.33627e-07,2.33627e-07,0,439,439
1300.07,6.09736,6.835e-05,0.00018091,2.32452e-07,2.32452e-07,0,440,440
1291.9,6.0483,6.83498e-05,0.00018091,2.30195e-07,2.30195e-07,0,441,441
1283.78,5.99908,6.83496e-05,0.00018091,2.2906e-07,2.2906e-07,0,442,442
1275.74,5.95028,6.83494e-05,0.00018091,2.26792e-07,2.26792e-07,0,443,443
1267.73,5.90123,6.83492e-05,0.00018091,2.25695e-07,2.25695e-07,0,444,444
1259.79,5.85263,6.8349e-05,0.00018091,2.23412e-07,2.23412e-07,0,445,445
1251.91,5.8038,6.83488e-05,0.000180909,2.22359e-07,2.22359e-07,0,446,446
1244.08,5.75532,6.83485e-05,0.000180909,2.20055e-07,2.20055e-07,0,447,447
1236.3,5.70664,6.83483e-05,0.000180909,2.19044e-07,2.19044e-07,0,448,448
1228.58,5.65832,6.83481e-05,0.000180909,2.1672e-07,2.1672e-07,0,449,449
1220.89,5.60973,6.83478e-05,0.000180909,2.1575e-07,2.1575e-07,0,450,450
1213.27,5.5615,6.83476e-05,0.000180909,2.13402e-07,2.13402e-07,0,451,451
1205.69,5.51302,6.83474e-05,0.000180908,2.12477e-07,2.12477e-07,0,452,452
1198.15,5.46484,6.83471e-05,0.000180908,2.10099e-07,2.10099e-07,0,453,453
1190.66,5.4164,6.83469e-05,0.000180908,2.09219e-07,2.09219e-07,0,454,454
1183.21,5.36828,6.83466e-05,0.000180908,2.06812e-07,2.06812e-07,0,455,455
1175.81,5.31985,6.83464e-05,0.000180908,2.05976e-07,2.05976e-07,0,456,456
1168.44,5.27171,6.83461e-05,0.000180907,2.03535e-07,2.03535e-07,0,457,457
1161.12,5.2233,6.83459e-05,0.000180907,2.02746e-07,2.02746e-07,0,458,458
1153.82,5.17513,6.83456e-05,0.000180907,2.00268e-07,2.00268e-07,0,459,459
1146.58,5.12667,6.83454e-05,0.000180907,1.99526e-07,1.99526e-07,0,460,460
1139.36,5.07844,6.83451e-05,0.000180907,1.97008e-07,1.97008e-07,0,461,461
1132.19,5.02991,6.83448e-05,0.000180906,1.96314e-07,1.96314e-07,0,462,462
1125.03,4.98159,6.83445e-05,0.000180906,1.93754e-07,1.93754e-07,0,463,463
1117.93,4.93296,6.83443e-05,0.000180906,1.93109e-07,1.93109e-07,0,464,464
1110.83,4.88452,6.8344e-05,0.000180906,1.90503e-07,1.90503e-07,0,465,465
1103.79,4.83574,6.83437e-05,0.000180905,1.89907e-07,1.89907e-07,0,466,466
1096.76,4.78718,6.83434e-05,0.000180905,1.87254e-07,1.87254e-07,0,467,467
1089.76,4.73822,6.83431e-05,0.000180905,1.86707e-07,1.86707e-07,0,468,468
1082.79,4.68949,6.83428e-05,0.000180904,1.84003e-07,1.84003e-07,0,469,469
1075.85,4.64033,6.83425e-05,0.000180904,1.83508e-07,1.83508e-07,0,470,470
1068.93,4.59139,6.83422e-05,0.000180904,1.8075e-07,1.8075e-07,0,471,471
1062.04,4.54201,6.83419e-05,0.000180904,1.80307e-07,1.80307e-07,0,472,472
1055.15,4.49282,6.83416e-05,0.000180903,1.77491e-07,1.77491e-07,0,473,473
1048.31,4.44319,6.83413e-05,0.000180903,1.77102e-07,1.77102e-07,0,474,474
1041.47,4.39375,6.83409e-05,0.000180903,1.74226e-07,1.74226e-07,0,475,475
1034.65,4.34381,6.83406e-05,0.000180902,1.7389e-07,1.7389e-07,0,476,476
1027.86,4.29409,6.83403e-05,0.000180902,1.70952e-07,1.70952e-07,0,477,477
1021.07,4.24383,6.834e-05,0.000180902,1.70672e-07,1.70672e-07,0,478,478
1014.31,4.19378,6.83396e-05,0.000180901,1.67688e-07,1.67688e-07,0,479,479
1007.56,4.14317,6.83393e-05,0.000180901,1.67443e-07,1.67443e-07,0,480,480
1000.82,4.09277,6.83389e-05,0.0001809,1.6457e-07,1.6457e-07,0,481,481
994.091,4.04177,6.83386e-05,0.0001809,1.64202e-07,1.64202e-07,0,482,482
987.374,3.99099,6.83382e-05,0.0001809,1.61441e-07,1.61441e-07,0,483,483
980.665,3.93957,6.83379e-05,0.000180899,1.60948e-07,1.60948e-07,0,484,484
973.97,3.88839,6.83375e-05,0.000180899,1.58299e-07,1.58299e-07,0,485,485
967.275,3.83651,6.83371e-05,0.000180898,1.57677e-07,1.57677e-07,0,486,486
960.594,3.78489,6.83368e-05,0.000180898,1.55143e-07,1.55143e-07,0,487,487
953.911,3.73254,6.83364e-05,0.000180898,1.54389e-07,1.54389e-07,0,488,488
947.24,3.68044,6.8336e-05,0.000180897,1.51969e-07,1.51969e-07,0,489,489
940.564,3.62758,6.83356e-05,0.000180897,1.51081e-07,1.51081e-07,0,490,490
933.899,3.57498,6.83352e-05,0.000180896,1.48778e-07,1.48778e-07,0,491,491
927.226,3.52159,6.83348e-05,0.000180896,1.47751e-07,1.47751e-07,0,492,492
920.562,3.46846,6.83344e-05,0.000180895,1.45566e-07,1.45566e-07,0,493,493
913.887,3.41449,6.8334e-05,0.000180895,1.44397e-07,1.44397e-07,0,494,494
907.222,3.36081,6.83336e-05,0.000180894,1.42332e-07,1.42332e-07,0,495,495
900.539,3.30623,6.83332e-05,0.000180894,1.41018e-07,1.41018e-07,0,496,496
893.869,3.25196,6.83328e-05,0.000180893,1.39074e-07,1.39074e-07,0,497,497
887.176,3.19675,6.83324e-05,0.000180893,1.37611e-07,1.37611e-07,0,498,498
880.603,3.14217,6.83319e-05,0.000180892,1.35805e-07,1.35805e-07,0,499,499
438.892,1.56502,6.83315e-05,0.000180892,6.82768e-08,6.82768e-08,0,500,500
