"rho","rhou","rhoE","epsilon","velocity","internal_energy","pressure","temperature","rad_temp","mach_number","GlobalNodeId","PedigreeNodeId","Points:0","Points:1","Points:2"
1,585.662,171623,0.01372,585.662,123.48,82.32,1,2.92187,50,1,1,0,0,0
1,585.662,171624,0.013736,585.662,123.602,82.4013,1.00099,2.92259,49.9753,2,2,0.00075,0,0
1,585.662,171623,0.0137399,585.662,123.478,82.319,0.999988,2.92186,50.0003,3,3,0.0015,0,0
1,585.662,171624,0.0137454,585.662,123.603,82.4021,1.001,2.9226,49.9751,4,4,0.00225,0,0
1,585.662,171623,0.0137443,585.662,123.477,82.318,0.999975,2.92186,50.0006,5,5,0.003,0,0
1,585.662,171624,0.0137475,585.662,123.605,82.4031,1.00101,2.92261,49.9748,6,6,0.00375,0,0
1,585.662,171623,0.0137453,585.662,123.475,82.3169,0.999963,2.92185,50.0009,7,7,0.0045,0,0
1,585.662,171624,0.013748,585.662,123.606,82.4041,1.00102,2.92262,49.9745,8,8,0.00525,0,0
1,585.662,171623,0.0137455,585.662,123.474,82.3159,0.99995,2.92184,50.0013,9,9,0.006,0,0
1,585.662,171624,0.0137482,585.662,123.608,82.4052,1.00103,2.92263,49.9741,10,10,0.00675,0,0
1,585.662,171623,0.0137455,585.662,123.472,82.3148,0.999936,2.92183,50.0016,11,11,0.0075,0,0
1,585.662,171624,0.0137482,585.662,123.609,82.4063,1.00105,2.92264,49.9738,12,12,0.00825,0,0
1,585.662,171623,0.0137455,585.662,123.47,82.3136,0.999922,2.92182,50.0019,13,13,0.009,0,0
1,585.662,171624,0.0137483,585.662,123.611,82.4075,1.00106,2.92265,49.9734,14,14,0.00975,0,0
1,585.662,171623,0.0137454,585.662,123.469,82.3124,0.999908,2.92181,50.0023,15,15,0.0105,0,0
1,585.662,171624,0.0137483,585.662,123.613,82.4088,1.00108,2.92266,49.9731,16,16,0.01125,0,0
1,585.662,171623,0.0137454,585.662,123.467,82.3111,0.999892,2.9218,50.0027,17,17,0.012,0,0
1,585.662,171624,0.0137484,585.662,123.615,82.4101,1.00109,2.92267,49.9727,18,18,0.01275,0,0
1,585.662,171623,0.0137454,585.662,123.465,82.3098,0.999876,2.92178,50.0031,19,19,0.0135,0,0
1,585.662,171624,0.0137484,585.662,123.617,82.4114,1.00111,2.92268,49.9722,20,20,0.01425,0,0
1,585.662,171623,0.0137453,585.662,123.463,82.3084,0.999859,2.92177,50.0035,21,21,0.015,0,0
1,585.662,171624,0.0137484,585.662,123.619,82.4129,1.00113,2.9227,49.9718,22,22,0.01575,0,0
1,585.662,171623,0.0137453,585.662,123.46,82.3069,0.999841,2.92176,50.004,23,23,0.0165,0,0
1,585.662,171624,0.0137485,585.662,123.622,82.4144,1.00115,2.92271,49.9713,24,24,0.01725,0,0
1,585.662,171623,0.0137452,585.662,123.458,82.3054,0.999822,2.92174,50.0044,25,25,0.018,0,0
1,585.662,171624,0.0137485,585.662,123.624,82.416,1.00117,2.92273,49.9709,26,26,0.01875,0,0
1,585.662,171623,0.0137452,585.662,123.456,82.3037,0.999803,2.92173,50.0049,27,27,0.0195,0,0
1,585.662,171624,0.0137486,585.662,123.627,82.4177,1.00119,2.92274,49.9703,28,28,0.02025,0,0
1,585.662,171623,0.0137451,585.662,123.453,82.302,0.999781,2.92171,50.0055,29,29,0.021,0,0
1,585.662,171624,0.0137487,585.662,123.629,82.4195,1.00121,2.92276,49.9698,30,30,0.02175,0,0
1,585.662,171623,0.0137451,585.662,123.45,82.3002,0.999759,2.9217,50.006,31,31,0.0225,0,0
1,585.662,171624,0.0137487,585.662,123.632,82.4214,1.00123,2.92277,49.9692,32,32,0.02325,0,0
1,585.662,171623,0.013745,585.662,123.447,82.2982,0.999736,2.92168,50.0066,33,33,0.024,0,0
1,585.662,171624,0.0137488,585.662,123.635,82.4234,1.00126,2.92279,49.9686,34,34,0.02475,0,0
1,585.662,171623,0.013745,585.662,123.444,82.2962,0.999711,2.92166,50.0072,35,35,0.0255,0,0
1,585.662,171624,0.0137489,585.662,123.638,82.4256,1.00128,2.92281,49.968,36,36,0.02625,0,0
1,585.662,171623,0.0137449,585.662,123.441,82.294,0.999684,2.92164,50.0079,37,37,0.027,0,0
1,585.662,171624,0.0137489,585.662,123.642,82.4278,1.00131,2.92283,49.9673,38,38,0.02775,0,0
1,585.662,171623,0.0137449,585.662,123.437,82.2916,0.999655,2.92162,50.0086,39,39,0.0285,0,0
1,585.662,171624,0.013749,585.662,123.645,82.4303,1.00134,2.92285,49.9665,40,40,0.02925,0,0
1,585.662,171623,0.0137448,585.662,123.434,82.2891,0.999625,2.9216,50.0094,41,41,0.03,0,0
1,585.662,171624,0.0137491,585.662,123.649,82.4329,1.00137,2.92287,49.9657,42,42,0.03075,0,0
1,585.662,171623,0.0137447,585.662,123.43,82.2864,0.999592,2.92158,50.0102,43,43,0.0315,0,0
1,585.662,171624,0.0137492,585.662,123.654,82.4357,1.0014,2.9229,49.9649,44,44,0.03225,0,0
1,585.662,171623,0.0137446,585.662,123.425,82.2835,0.999557,2.92155,50.0111,45,45,0.033,0,0
1,585.662,171624,0.0137493,585.662,123.658,82.4387,1.00144,2.92293,49.964,46,46,0.03375,0,0
1,585.662,171623,0.0137446,585.662,123.421,82.2804,0.99952,2.92152,50.012,47,47,0.0345,0,0
1,585.662,171624,0.0137494,585.662,123.663,82.4419,1.00148,2.92295,49.963,48,48,0.03525,0,0
1,585.662,171623,0.0137445,585.662,123.416,82.2771,0.999479,2.92149,50.013,49,49,0.036,0,0
1,585.662,171624,0.0137495,585.662,123.668,82.4454,1.00152,2.92299,49.9619,50,50,0.03675,0,0
1,585.662,171623,0.0137444,585.662,123.41,82.2734,0.999435,2.92146,50.0142,51,51,0.0375,0,0
1,585.662,171624,0.0137496,585.662,123.674,82.4493,1.00157,2.92302,49.9608,52,52,0.03825,0,0
0.999999,585.662,171623,0.0137443,585.662,123.404,82.2695,0.999387,2.92143,50.0154,53,53,0.039,0,0
1,585.662,171624,0.0137499,585.662,123.68,82.4534,1.00162,2.92306,49.9595,54,54,0.03975,0,0
0.999999,585.662,171623,0.0137444,585.662,123.398,82.2652,0.999334,2.92139,50.0167,55,55,0.0405,0,0
1,585.662,171624,0.0137506,585.662,123.687,82.4579,1.00167,2.9231,49.9582,56,56,0.04125,0,0
0.999999,585.662,171623,0.0137455,585.662,123.391,82.2604,0.999277,2.92135,50.0181,57,57,0.042,0,0
1,585.662,171624,0.0137534,585.662,123.694,82.4629,1.00174,2.92314,49.9566,58,58,0.04275,0,0
0.999999,585.662,171623,0.0137511,585.662,123.383,82.2553,0.999215,2.9213,50.0197,59,59,0.0435,0,0
1,585.662,171624,0.0137662,585.662,123.703,82.4686,1.0018,2.92319,49.9549,60,60,0.04425,0,0
0.999999,585.662,171623,0.0137787,585.662,123.375,82.2499,0.99915,2.92125,50.0213,61,61,0.045,0,0
1,585.662,171624,0.0138273,585.662,123.713,82.4754,1.00189,2.92325,49.9529,62,62,0.04575,0,0
0.999999,585.662,171623,0.0139123,585.662,123.368,82.2452,0.999093,2.92121,50.0227,63,63,0.0465,0,0
1,585.662,171624,0.0141211,585.662,123.729,82.4859,1.00201,2.92334,49.9497,64,64,0.04725,0,0
0.999999,585.662,171623,0.0145567,585.662,123.369,82.2463,0.999105,2.92122,50.0224,65,65,0.048,0,0
1,585.662,171624,0.0155364,585.662,123.767,82.5114,1.00232,2.92357,49.942,66,66,0.04875,0,0
0.999999,585.662,171623,0.0176631,585.662,123.417,82.2777,0.999487,2.9215,50.0128,67,67,0.0495,0,0
1,585.662,171624,0.0223568,585.661,123.91,82.6066,1.00348,2.92441,49.9132,68,68,0.05025,0,0
0.999999,585.662,171624,0.0326351,585.662,123.689,82.459,1.00169,2.92311,49.9578,69,69,0.051,0,0
1,585.662,171624,0.0552261,585.661,124.55,83.0334,1.00866,2.92818,49.7847,70,70,0.05175,0,0
1,585.662,171624,0.10479,585.66,125.054,83.3695,1.01275,2.93114,49.6842,71,71,0.0525,0,0
1.00001,585.663,171626,0.213614,585.657,127.639,85.0929,1.03367,2.94617,49.1784,72,72,0.05325,0,0
1.00002,585.662,171629,0.452401,585.652,131.922,87.9483,1.06835,2.97057,48.3733,73,73,0.054,0,0
1.00005,585.666,171637,0.976182,585.635,144.009,96.0057,1.16619,3.03636,46.2984,74,74,0.05475,0,0
1.00012,585.67,171654,2.12339,585.6,169.551,113.034,1.37294,3.16282,42.6676,75,75,0.0555,0,0
1.00026,585.681,171690,4.62856,585.531,222.642,148.428,1.8026,3.3856,37.2326,76,76,0.05625,0,0
1.00057,585.705,171767,10.0459,585.372,338.913,225.942,2.74312,3.7603,30.174,77,77,0.057,0,0
1.00103,585.712,171906,21.3185,585.109,552.954,368.636,4.47347,4.24935,23.6177,78,78,0.05775,0,0
1.0015,585.689,172080,42.1534,584.813,820.216,546.811,6.63256,4.68902,19.3865,79,79,0.0585,0,0
1.00187,585.679,172210,73.3493,584.585,1020.33,680.218,8.24765,4.95158,17.3782,80,80,0.05925,0,0
1.00214,585.663,172294,112.638,584.414,1158.65,772.434,9.36331,5.11115,16.3053,81,81,0.06,0,0
1.00241,585.67,172363,158.367,584.262,1270.82,847.212,10.267,5.23024,15.5672,82,82,0.06075,0,0
1.00263,585.658,172417,209.868,584.124,1368.23,912.153,11.0516,5.32742,15.0009,83,83,0.0615,0,0
1.00287,585.669,172469,266.862,583.992,1455.96,970.64,11.7573,5.41051,14.5404,84,84,0.06225,0,0
1.00307,585.657,172509,329.223,583.866,1536.49,1024.33,12.4052,5.48355,14.1526,85,85,0.063,0,0
1.0033,585.669,172551,396.908,583.741,1611.61,1074.41,13.0086,5.54906,13.8174,86,86,0.06375,0,0
1.00349,585.656,172583,469.928,583.62,1682.3,1121.53,13.5767,5.60867,13.5225,87,87,0.0645,0,0
1.00372,585.67,172618,548.332,583.498,1749.54,1166.36,14.1161,5.66357,13.2588,88,88,0.06525,0,0
1.0039,585.655,172643,632.197,583.378,1813.75,1209.17,14.6315,5.71458,13.0205,89,89,0.066,0,0
1.00414,585.67,172673,721.626,583.256,1875.6,1250.4,15.1269,5.76234,12.8029,90,90,0.06675,0,0
1.00432,585.655,172693,816.74,583.135,1935.25,1290.16,15.6051,5.80735,12.6026,91,91,0.0675,0,0
1.00456,585.67,172719,917.677,583.011,1993.2,1328.8,16.0686,5.85,12.4168,92,92,0.06825,0,0
1.00475,585.654,172735,1024.59,582.887,2049.49,1366.32,16.5193,5.8906,12.2437,93,93,0.069,0,0
1.005,585.67,172757,1137.65,582.759,2104.53,1403.02,16.9588,5.92939,12.0813,94,94,0.06975,0,0
1.00519,585.654,172768,1257.04,582.631,2158.27,1438.85,17.3885,5.9666,11.9285,95,95,0.0705,0,0
1.00545,585.67,172787,1382.94,582.498,2211.1,1474.07,17.8096,6.0024,11.7839,96,96,0.07125,0,0
1.00565,585.654,172795,1515.58,582.365,2262.89,1508.59,18.223,6.03694,11.6468,97,97,0.072,0,0
1.00592,585.67,172810,1655.15,582.226,2314,1542.67,18.6297,6.07034,11.5163,98,98,0.07275,0,0
1.00613,585.654,172815,1801.9,582.086,2364.26,1576.18,19.0303,6.10271,11.3917,99,99,0.0735,0,0
1.00641,585.67,172827,1956.07,581.941,2414.04,1609.36,19.4256,6.13416,11.2724,100,100,0.07425,0,0
1.00663,585.653,172828,2117.9,581.794,2463.12,1642.08,19.816,6.16475,11.1579,101,101,0.075,0,0
1.00693,585.671,172837,2287.67,581.641,2511.86,1674.57,20.2023,6.19457,11.0478,102,102,0.07575,0,0
1.00717,585.653,172835,2465.64,581.486,2560.01,1706.68,20.5847,6.22368,10.9418,103,103,0.0765,0,0
1.00748,585.671,172840,2652.12,581.324,2607.96,1738.64,20.9637,6.25214,10.8394,104,104,0.07725,0,0
1.00773,585.653,172835,2847.39,581.16,2655.41,1770.27,21.3398,6.27999,10.7405,105,105,0.078,0,0
1.00806,585.671,172837,3051.77,580.988,2702.75,1801.84,21.7132,6.30728,10.6446,106,106,0.07875,0,0
1.00833,585.653,172828,3265.6,580.815,2749.68,1833.12,22.0842,6.33406,10.5516,107,107,0.0795,0,0
1.00868,585.671,172826,3489.2,580.633,2796.58,1864.39,22.4532,6.36035,10.4613,108,108,0.08025,0,0
1.00897,585.653,172814,3722.93,580.448,2843.13,1895.42,22.8204,6.3862,10.3735,109,109,0.081,0,0
1.00933,585.671,172809,3967.15,580.255,2889.74,1926.49,23.1861,6.41163,10.2879,110,110,0.08175,0,0
1.00964,585.653,172792,4222.26,580.058,2936.05,1957.36,23.5504,6.43666,10.2046,111,111,0.0825,0,0
1.01003,585.671,172784,4488.63,579.852,2982.48,1988.32,23.9135,6.46134,10.1232,112,112,0.08325,0,0
1.01037,585.652,172763,4766.69,579.643,3028.65,2019.1,24.2758,6.48567,10.0438,113,113,0.084,0,0
1.01078,585.671,172751,5056.85,579.424,3075.01,2050.01,24.6372,6.50968,9.96605,114,114,0.08475,0,0
1.01114,585.652,172726,5359.56,579.2,3121.15,2080.77,24.9981,6.53339,9.89004,115,115,0.0855,0,0
1.01158,585.671,172710,5675.28,578.966,3167.54,2111.69,25.3586,6.55681,9.81554,116,116,0.08625,0,0
1.01196,585.652,172680,6004.47,578.728,3213.74,2142.49,25.7187,6.57997,9.74256,117,117,0.087,0,0
1.01243,585.671,172659,6347.62,578.478,3260.24,2173.49,26.0787,6.60287,9.67091,118,118,0.08775,0,0
1.01285,585.652,172625,6705.26,578.223,3306.58,2204.39,26.4386,6.62554,9.60062,119,119,0.0885,0,0
1.01335,585.671,172600,7077.89,577.957,3353.27,2235.51,26.7986,6.64798,9.53152,120,120,0.08925,0,0
1.01379,585.652,172561,7466.06,577.684,3399.83,2266.55,27.1589,6.67021,9.46363,121,121,0.09,0,0
1.01433,585.672,172530,7870.35,577.399,3446.78,2297.85,27.5194,6.69223,9.3968,122,122,0.09075,0,0
1.0148,585.652,172486,8291.33,577.108,3493.63,2329.09,27.8803,6.71407,9.33106,123,123,0.0915,0,0
1.01538,585.672,172450,8729.59,576.803,3540.91,2360.61,28.2418,6.73573,9.26626,124,124,0.09225,0,0
1.01589,585.651,172400,9185.78,576.491,3588.12,2392.08,28.6038,6.75721,9.20246,125,125,0.093,0,0
1.0165,585.672,172358,9660.53,576.165,3635.8,2423.87,28.9665,6.77853,9.13949,126,126,0.09375,0,0
1.01705,585.651,172302,10154.5,575.831,3683.43,2455.62,29.33,6.7997,9.07742,127,127,0.0945,0,0
1.01771,585.672,172254,10668.4,575.483,3731.57,2487.71,29.6943,6.82071,9.0161,128,128,0.09525,0,0
1.0183,585.651,172191,11202.9,575.125,3779.68,2519.79,30.0595,6.84159,8.95559,129,129,0.096,0,0
1.019,585.672,172136,11758.8,574.752,3828.35,2552.23,30.4257,6.86233,8.89575,130,130,0.09675,0,0
1.01964,585.651,172067,12336.8,574.369,3877.01,2584.67,30.793,6.88295,8.83665,131,131,0.0975,0,0
1.02039,585.672,172005,12937.7,573.97,3926.26,2617.51,31.1614,6.90344,8.77816,132,132,0.09825,0,0
1.02108,585.651,171928,13562.4,573.559,3975.52,2650.35,31.5309,6.92382,8.72033,133,133,0.099,0,0
1.02188,585.672,171859,14211.6,573.132,4025.42,2683.61,31.9017,6.94409,8.66304,134,134,0.09975,0,0
1.02263,585.651,171774,14886.1,572.692,4075.34,2716.89,32.2738,6.96424,8.60635,135,135,0.1005,0,0
1.02348,585.672,171697,15587,572.234,4125.94,2750.63,32.6472,6.9843,8.55015,136,136,0.10125,0,0
1.02429,585.651,171603,16315.1,571.764,4176.59,2784.4,33.022,7.00426,8.4945,137,137,0.102,0,0
1.0252,585.672,171517,17071.4,571.274,4227.96,2818.64,33.3983,7.02413,8.43927,138,138,0.10275,0,0
1.02607,585.65,171415,17856.8,570.769,4279.4,2852.93,33.776,7.0439,8.38455,139,139,0.1035,0,0
1.02705,585.672,171320,18672.3,570.244,4331.59,2887.73,34.1552,7.0636,8.3302,140,140,0.10425,0,0
1.02799,585.65,171208,19519,569.704,4383.87,2922.58,34.536,7.0832,8.2763,141,141,0.105,0,0
1.02904,585.672,171102,20397.9,569.142,4436.96,2957.97,34.9185,7.10273,8.22274,142,142,0.10575,0,0
1.03005,585.65,170980,21310.1,568.564,4490.15,2993.43,35.3025,7.12218,8.16958,143,143,0.1065,0,0
1.03118,585.672,170864,22256.8,567.962,4544.19,3029.46,35.6882,7.14155,8.11671,144,144,0.10725,0,0
1.03227,585.65,170731,23239,567.343,4598.36,3065.58,36.0757,7.16086,8.0642,145,145,0.108,0,0
1.03348,585.672,170603,24258,566.699,4653.43,3102.28,36.4648,7.18009,8.01195,146,146,0.10875,0,0
1.03465,585.65,170458,25315,566.036,4708.64,3139.1,36.8558,7.19926,7.96002,147,147,0.1095,0,0
1.03595,585.672,170319,26411.2,565.347,4764.8,3176.53,37.2485,7.21836,7.90831,148,148,0.11025,0,0
1.03721,585.65,170161,27548,564.637,4821.13,3214.09,37.643,7.2374,7.85688,149,149,0.111,0,0
1.03861,585.672,170009,28726.6,563.9,4878.45,3252.3,38.0393,7.25637,7.80564,150,150,0.11175,0,0
1.03997,585.649,169837,29948.3,563.14,4935.98,3290.65,38.4375,7.27529,7.75464,151,151,0.1125,0,0
1.04147,585.672,169671,31214.7,562.352,4994.54,3329.69,38.8376,7.29415,7.7038,152,152,0.11325,0,0
1.04294,585.649,169486,32527,561.539,5053.33,3368.89,39.2395,7.31295,7.65316,153,153,0.114,0,0
1.04455,585.672,169305,33886.8,560.696,5113.22,3408.81,39.6434,7.33169,7.60265,154,154,0.11475,0,0
1.04613,585.649,169104,35295.4,559.827,5173.37,3448.91,40.0491,7.35038,7.55232,155,155,0.1155,0,0
1.04785,585.672,168908,36754.5,558.926,5234.66,3489.77,40.4568,7.36901,7.50207,156,156,0.11625,0,0
1.04956,585.649,168691,38265.5,557.997,5296.25,3530.83,40.8664,7.38759,7.45198,157,157,0.117,0,0
1.05141,585.672,168479,39830.1,557.034,5359.04,3572.69,41.2778,7.40612,7.40194,158,158,0.11775,0,0
1.05325,585.649,168244,41449.9,556.041,5422.16,3614.77,41.6913,7.42459,7.35203,159,159,0.1185,0,0
1.05524,585.672,168014,43126.4,555.012,5486.54,3657.69,42.1066,7.44302,7.30215,160,160,0.11925,0,0
1.05722,585.648,167762,44861.4,553.952,5551.29,3700.86,42.5239,7.46139,7.25235,161,161,0.12,0,0
1.05936,585.672,167513,46656.5,552.854,5617.37,3744.91,42.9431,7.47971,7.20257,162,162,0.12075,0,0
1.06149,585.648,167242,48513.5,551.723,5683.86,3789.24,43.3641,7.49798,7.15284,163,163,0.1215,0,0
1.06379,585.672,166973,50434.2,550.552,5751.74,3834.5,43.7871,7.5162,7.1031,164,164,0.12225,0,0
1.06609,585.648,166681,52420.2,549.344,5820.08,3880.05,44.212,7.53436,7.05338,165,165,0.123,0,0
1.06856,585.672,166392,54473.5,548.095,5889.88,3926.59,44.6387,7.55248,7.00363,166,166,0.12375,0,0
1.07103,585.648,166079,56595.8,546.808,5960.18,3973.46,45.0673,7.57054,6.95388,167,167,0.1245,0,0
1.07369,585.672,165767,58789,545.478,6032.03,4021.36,45.4977,7.58855,6.90407,168,168,0.12525,0,0
1.07635,585.647,165432,61055,544.106,6104.43,4069.62,45.93,7.60651,6.85423,169,169,0.126,0,0
1.0792,585.672,165097,63395.5,542.689,6178.46,4118.97,46.364,7.62442,6.80431,170,170,0.12675,0,0
1.08207,585.647,164738,65812.6,541.229,6253.09,4168.73,46.7997,7.64227,6.75434,171,171,0.1275,0,0
1.08514,585.671,164379,68308.1,539.722,6329.44,4219.63,47.2372,7.66007,6.70426,172,172,0.12825,0,0
1.08822,585.647,163995,70883.9,538.169,6406.45,4270.97,47.6764,7.67781,6.65411,173,173,0.129,0,0
1.09152,585.671,163611,73541.9,536.566,6485.27,4323.51,48.1172,7.69549,6.60383,174,174,0.12975,0,0
1.09484,585.647,163200,76284.1,534.915,6564.82,4376.54,48.5596,7.71312,6.55345,175,175,0.1305,0,0
1.09838,585.671,162790,79112.3,533.212,6646.27,4430.85,49.0036,7.73069,6.50293,176,176,0.13125,0,0
1.10196,585.646,162352,82028.5,531.459,6728.53,4485.68,49.449,7.7482,6.45229,177,177,0.132,0,0
1.10577,585.671,161914,85034.6,529.652,6812.79,4541.86,49.896,7.76565,6.40149,178,178,0.13275,0,0
1.10961,585.646,161448,88132.3,527.792,6897.94,4598.62,50.3443,7.78304,6.35054,179,179,0.1335,0,0
1.1137,585.671,160980,91323.7,525.877,6985.2,4656.8,50.794,7.80036,6.29942,180,180,0.13425,0,0
1.11785,585.646,160485,94610.5,523.906,7073.43,4715.62,51.245,7.81762,6.24813,181,181,0.135,0,0
1.12224,585.67,159988,97994.5,521.877,7163.9,4775.93,51.6972,7.83481,6.19665,182,182,0.13575,0,0
1.12669,585.645,159462,101477,519.79,7255.42,4836.94,52.1506,7.85193,6.14499,183,183,0.1365,0,0
1.13142,585.67,158934,105061,517.644,7349.3,4899.54,52.6051,7.86898,6.09313,184,184,0.13725,0,0
1.13621,585.645,158376,108747,515.438,7444.34,4962.89,53.0605,7.88596,6.04106,185,185,0.138,0,0
1.14128,585.67,157816,112537,513.17,7541.88,5027.92,53.5169,7.90286,5.98878,186,186,0.13875,0,0
1.14643,585.644,157226,116433,510.84,7640.67,5093.78,53.9742,7.91969,5.93629,187,187,0.1395,0,0
1.15188,585.669,156633,120436,508.447,7742.11,5161.41,54.4322,7.93643,5.88357,188,188,0.14025,0,0
1.15742,585.644,156010,124547,505.99,7844.92,5229.95,54.8909,7.9531,5.83062,189,189,0.141,0,0
1.16327,585.669,155383,128768,503.468,7950.53,5300.35,55.3501,7.96969,5.77744,190,190,0.14175,0,0
1.16923,585.643,154726,133100,500.88,8057.63,5371.76,55.8099,7.98618,5.72402,191,191,0.1425,0,0
1.17551,585.669,154065,137544,498.226,8167.69,5445.13,56.27,8.00259,5.67036,192,192,0.14325,0,0
1.18191,585.643,153374,142101,495.505,8279.39,5519.59,56.7305,8.01891,5.61646,193,193,0.144,0,0
1.18865,585.668,152678,146773,492.716,8394.21,5596.14,57.1911,8.03514,5.56231,194,194,0.14475,0,0
1.19553,585.642,151952,151559,489.858,8510.81,5673.87,57.6517,8.05127,5.50792,195,195,0.1455,0,0
1.20277,585.667,151221,156461,486.933,8630.72,5753.81,58.1124,8.06731,5.45328,196,196,0.14625,0,0
1.21016,585.642,150460,161479,483.937,8752.57,5835.05,58.5728,8.08324,5.39839,197,197,0.147,0,0
1.21792,585.667,149694,166614,480.873,8877.92,5918.61,59.033,8.09907,5.34326,198,198,0.14775,0,0
1.22586,585.641,148897,171865,477.739,9005.37,6003.58,59.4927,8.11479,5.28788,199,199,0.1485,0,0
1.23419,585.666,148096,177233,474.535,9136.54,6091.02,59.9519,8.13041,5.23227,200,200,0.14925,0,0
1.24271,585.64,147265,182718,471.26,9269.99,6179.99,60.4105,8.14591,5.1764,201,201,0.15,0,0
1.25164,585.665,146429,188320,467.918,9407.36,6271.57,60.8683,8.1613,5.12032,202,202,0.15075,0,0
1.26079,585.64,145563,194037,464.503,9547.21,6364.81,61.3251,8.17657,5.06399,203,203,0.1515,0,0
1.27036,585.665,144693,199870,461.021,9691.22,6460.81,61.7808,8.19172,5.00745,204,204,0.15225,0,0
1.28018,585.639,143793,205817,457.468,9837.92,6558.61,62.2353,8.20674,4.95068,205,205,0.153,0,0
1.29044,585.664,142890,211878,453.848,9989.01,6659.34,62.6885,8.22164,4.89373,206,206,0.15375,0,0
1.30096,585.638,141958,218051,450.158,10143,6762.01,63.1402,8.23641,4.83654,207,207,0.1545,0,0
1.31196,585.663,141023,224334,446.403,10301.7,6867.78,63.5902,8.25105,4.7792,208,208,0.15525,0,0
1.32324,585.637,140059,230727,442.579,10463.5,6975.64,64.0385,8.26555,4.72164,209,209,0.156,0,0
1.33502,585.662,139093,237227,438.692,10630.2,7086.79,64.4848,8.27991,4.66396,210,210,0.15675,0,0
1.3471,585.636,138099,243831,434.738,10800.3,7200.2,64.929,8.29414,4.60607,211,211,0.1575,0,0
1.35971,585.661,137104,250538,430.723,10975.6,7317.08,65.3709,8.30821,4.54809,212,212,0.15825,0,0
1.37266,585.635,136083,257345,426.643,11154.6,7436.4,65.8105,8.32214,4.48994,213,213,0.159,0,0
1.38615,585.659,135062,264249,422.507,11339.1,7559.39,66.2475,8.33593,4.43171,214,214,0.15975,0,0
1.40001,585.634,134015,271247,418.306,11527.5,7685.01,66.6818,8.34955,4.37335,215,215,0.1605,0,0
1.41445,585.659,132969,278336,414.053,11721.8,7814.51,67.1133,8.36303,4.31494,216,216,0.16125,0,0
1.42928,585.633,131899,285512,409.741,11920.2,7946.83,67.5417,8.37634,4.25643,217,217,0.162,0,0
1.44472,585.658,130832,292771,405.379,12124.9,8083.26,67.967,8.3895,4.19793,218,218,0.16275,0,0
1.46057,585.632,129742,300110,400.961,12334,8222.7,68.3889,8.40249,4.13935,219,219,0.1635,0,0
1.47707,585.658,128656,307524,396.499,12549.7,8366.48,68.8075,8.41531,4.08082,220,220,0.16425,0,0
1.49402,585.632,127550,315009,391.985,12770.2,8513.48,69.2223,8.42797,4.02225,221,221,0.165,0,0
1.51164,585.657,126449,322560,387.431,12997.6,8665.07,69.6335,8.44046,3.96377,222,222,0.16575,0,0
1.52974,585.631,125329,330172,382.831,13230.1,8820.08,70.0407,8.45277,3.9053,223,223,0.1665,0,0
1.54855,585.656,124216,337841,378.196,13469.9,8979.96,70.4439,8.46491,3.84697,224,224,0.16725,0,0
1.56787,585.63,123088,345561,373.52,13715.2,9143.47,70.8429,8.47687,3.78869,225,225,0.168,0,0
1.58794,585.656,121968,353327,368.815,13968.2,9312.11,71.2376,8.48865,3.73059,226,226,0.16875,0,0
1.60854,585.629,120833,361133,364.075,14226.9,9484.61,71.6279,8.50026,3.67259,227,227,0.1695,0,0
1.62994,585.655,119710,368974,359.311,14493.8,9662.52,72.0135,8.51167,3.61482,228,228,0.17025,0,0
1.6519,585.628,118575,376844,354.518,14766.8,9844.51,72.3945,8.52291,3.5572,229,229,0.171,0,0
1.67469,585.654,117452,384738,349.708,15048.3,10032.2,72.7706,8.53396,3.49986,230,230,0.17175,0,0
1.69808,585.627,116320,392648,344.875,15336.3,10224.2,73.1418,8.54482,3.44272,231,231,0.1725,0,0
1.72235,585.653,115204,400570,340.031,15633.4,10422.2,73.508,8.55549,3.3859,232,232,0.17325,0,0
1.74725,585.625,114079,408497,335.171,15937.2,10624.8,73.8689,8.56598,3.32934,233,233,0.174,0,0
1.77306,585.652,112973,416422,330.307,16250.5,10833.7,74.2247,8.57627,3.27315,234,234,0.17475,0,0
1.79953,585.624,111861,424340,325.431,16571,11047.3,74.575,8.58637,3.21726,235,235,0.1755,0,0
1.82696,585.651,110770,432245,320.56,16901.4,11267.6,74.9199,8.59628,3.16179,236,236,0.17625,0,0
1.85509,585.623,109675,440130,315.684,17239.4,11492.9,75.2592,8.606,3.10667,237,237,0.177,0,0
1.88422,585.65,108603,447989,310.818,17587.7,11725.2,75.593,8.61553,3.05202,238,238,0.17775,0,0
1.91408,585.621,107531,455817,305.954,17944,11962.7,75.921,8.62486,2.99777,239,239,0.1785,0,0
1.94499,585.649,106482,463605,301.107,18311.1,12207.4,76.2433,8.634,2.94403,240,240,0.17925,0,0
1.97666,585.619,105437,471350,296.268,18686.5,12457.7,76.5597,8.64294,2.89073,241,241,0.18,0,0
2.00941,585.647,104417,479044,291.452,19073.2,12715.5,76.8702,8.65169,2.83799,242,242,0.18075,0,0
2.04297,585.617,103402,486683,286.651,19468.5,12979,77.1748,8.66025,2.78572,243,243,0.1815,0,0
2.07765,585.645,102416,494259,281.879,19875.7,13250.4,77.4734,8.66861,2.73407,244,244,0.18225,0,0
2.11316,585.615,101437,501769,277.127,20291.7,13527.8,77.766,8.67679,2.68292,245,245,0.183,0,0
2.14985,585.644,100488,509205,272.412,20720.1,13813.4,78.0526,8.68477,2.63242,246,246,0.18375,0,0
2.1874,585.613,99548.4,516563,267.722,21157.7,14105.1,78.333,8.69256,2.58246,247,247,0.1845,0,0
2.22616,585.642,98641.3,523837,263.073,21608.1,14405.4,78.6073,8.70016,2.53319,248,248,0.18525,0,0
2.26581,585.611,97745,531023,258.455,22068,14712,78.8755,8.70757,2.48449,249,249,0.186,0,0
2.30672,585.64,96883.3,538116,253.884,22541.1,15027.4,79.1376,8.7148,2.4365,250,250,0.18675,0,0
2.34855,585.608,96034.3,545111,249.348,23024.1,15349.4,79.3935,8.72183,2.38911,251,251,0.1875,0,0
2.39168,585.637,95221.5,552004,244.864,23520.6,15680.4,79.6433,8.72868,2.34247,252,252,0.18825,0,0
2.43575,585.606,94423.2,558791,240.421,24027.3,16018.2,79.887,8.73535,2.29645,253,253,0.189,0,0
2.48116,585.635,93662.6,565467,236.033,24548,16365.3,80.1245,8.74184,2.25119,254,254,0.18975,0,0
2.52754,585.603,92918,572028,231.689,25079.1,16719.4,80.3559,8.74814,2.20658,255,255,0.1905,0,0
2.57528,585.632,92212.4,578472,227.405,25624.5,17083,80.5813,8.75427,2.16275,256,256,0.19125,0,0
2.62402,585.599,91524.3,584795,223.169,26180.5,17453.7,80.8006,8.76022,2.11958,257,257,0.192,0,0
2.67416,585.629,90876.4,590994,218.996,26751.2,17834.1,81.0138,8.766,2.07721,258,258,0.19275,0,0
2.72531,585.596,90247.1,597066,214.874,27332.6,18221.7,81.2211,8.7716,2.0355,259,259,0.1935,0,0
2.77788,585.626,89659.1,603008,210.817,27929,18619.3,81.4225,8.77703,1.99461,260,260,0.19425,0,0
2.83149,585.592,89090.7,608819,206.814,28536.2,19024.2,81.6179,8.78229,1.95439,261,261,0.195,0,0
2.88655,585.623,88564.3,614495,202.88,29158.7,19439.1,81.8075,8.78739,1.91499,262,262,0.19575,0,0
2.94264,585.589,88058.4,620035,199.001,29792.1,19861.4,81.9912,8.79232,1.87626,263,263,0.1965,0,0
3.00021,585.619,87595.2,625437,195.193,30440.9,20294,82.1692,8.79708,1.83836,264,264,0.19725,0,0
3.05883,585.584,87153.1,630700,191.441,31100.7,20733.8,82.3415,8.80169,1.80114,265,265,0.198,0,0
3.11893,585.616,86754.1,635823,187.762,31776,21184,82.5082,8.80614,1.76474,266,266,0.19875,0,0
3.18007,585.58,86376.7,640804,184.141,32462.2,21641.5,82.6693,8.81044,1.72902,267,267,0.1995,0,0
3.24271,585.612,86042.7,645642,180.593,33163.9,22109.3,82.8249,8.81458,1.69412,268,268,0.20025,0,0
3.30639,585.576,85730.5,650338,177.104,33876.5,22584.3,82.9751,8.81858,1.65988,269,269,0.201,0,0
3.37157,585.607,85461.7,654890,173.69,34604.6,23069.7,83.1199,8.82242,1.62647,270,270,0.20175,0,0
3.43777,585.571,85214.8,659298,170.335,35343.3,23562.2,83.2594,8.82612,1.59371,271,271,0.2025,0,0
3.50546,585.603,85011.2,663562,167.055,36097.3,24064.9,83.3937,8.82968,1.56176,272,272,0.20325,0,0
3.57415,585.566,84829.3,667683,163.833,36861.7,24574.5,83.5229,8.83309,1.53046,273,273,0.204,0,0
3.64432,585.598,84690.5,671660,160.688,37641.2,25094.1,83.647,8.83637,1.49996,274,274,0.20475,0,0
3.71546,585.561,84573.2,675495,157.601,38430.6,25620.4,83.7661,8.83952,1.4701,275,275,0.2055,0,0
3.78804,585.593,84498.3,679187,154.59,39234.8,26156.6,83.8804,8.84253,1.44103,276,276,0.20625,0,0
3.86156,585.555,84444.4,682738,151.637,40048.4,26699,83.9898,8.84541,1.41259,277,277,0.207,0,0
3.93647,585.588,84432.2,686148,148.76,40876.3,27250.8,84.0944,8.84817,1.38492,278,278,0.20775,0,0
4.01227,585.55,84440.4,689418,145.94,41712.9,27808.6,84.1945,8.8508,1.35786,279,279,0.2085,0,0
4.0894,585.583,84489.3,692550,143.195,42563,28375.3,84.2899,8.8533,1.33157,280,280,0.20925,0,0
4.16735,585.544,84557.8,695545,140.508,43421.1,28947.4,84.3809,8.85569,1.30587,281,281,0.21,0,0
4.24655,585.577,84665.8,698405,137.895,44291.7,29527.8,84.4675,8.85796,1.28093,282,282,0.21075,0,0
4.32648,585.538,84792.2,701131,135.338,45169.4,30112.9,84.5498,8.86012,1.25657,283,283,0.2115,0,0
4.40756,585.572,84956.7,703724,132.856,46058.4,30705.6,84.6279,8.86216,1.23296,284,284,0.21225,0,0
4.48927,585.532,85138.4,706187,130.429,46953.2,31302.1,84.7018,8.8641,1.20991,285,285,0.213,0,0
4.57199,585.566,85356.5,708521,128.077,47857.8,31905.2,84.7717,8.86593,1.18759,286,286,0.21375,0,0
4.6552,585.526,85590.1,710729,125.779,48766.7,32511.1,84.8377,8.86765,1.16583,287,287,0.2145,0,0
4.73925,585.56,85858.1,712813,123.555,49683.6,33122.4,84.8998,8.86928,1.1448,288,288,0.21525,0,0
4.82363,585.519,86139.7,714775,121.386,50602.9,33735.3,84.9581,8.8708,1.12431,289,289,0.216,0,0
4.90863,585.553,86453.3,716617,119.291,51527.8,34351.9,85.0128,8.87223,1.10455,290,290,0.21675,0,0
4.99375,585.513,86778.3,718342,117.249,52452.9,34968.6,85.0639,8.87356,1.08532,291,291,0.2175,0,0
5.07929,585.549,87132.8,719952,115.282,53381.2,35587.5,85.1115,8.8748,1.06681,292,292,0.21825,0,0
5.16457,585.507,87495.1,721450,113.37,54305.6,36203.8,85.1558,8.87595,1.04885,293,293,0.219,0,0
5.25003,585.546,87884.3,722839,111.532,55230.8,36820.6,85.1967,8.87702,1.0316,294,294,0.21975,0,0
5.33479,585.503,88277.3,724122,109.752,56147.4,37431.6,85.2345,8.878,1.01491,295,295,0.2205,0,0
5.41938,585.542,88693.6,725302,108.046,57060.9,38040.6,85.2692,8.87891,0.99893,296,296,0.22125,0,0
5.50277,585.498,89109.1,726381,106.401,57960.5,38640.3,85.3009,8.87973,0.983536,297,297,0.222,0,0
5.58549,585.538,89543.2,727365,104.832,58851.6,39234.4,85.3298,8.88048,0.968872,298,298,0.22275,0,0
5.66643,585.494,89971.3,728255,103.327,59722.7,39815.1,85.3559,8.88116,0.954815,299,299,0.2235,0,0
5.74606,585.534,90412.1,729057,101.902,60578.6,40385.7,85.3793,8.88177,0.941519,300,300,0.22425,0,0
5.82317,585.49,90840.7,729773,100.545,61406.7,40937.8,85.4003,8.88232,0.928866,301,301,0.225,0,0
5.89819,585.531,91275,730408,99.2729,62211.3,41474.2,85.4189,8.8828,0.917016,302,302,0.22575,0,0
5.96983,585.486,91689.5,730967,98.0741,62979,41986,85.4352,8.88323,0.905855,303,303,0.2265,0,0
6.03846,585.527,92101.7,731454,96.9662,63713.6,42475.7,85.4494,8.88359,0.895548,304,304,0.22725,0,0
6.10273,585.482,92485.8,731875,95.9376,64401,42934,85.4617,8.88391,0.885984,305,305,0.228,0,0
6.16303,585.523,92859.3,732234,95.0056,65045.3,43363.5,85.4721,8.88419,0.877324,306,306,0.22875,0,0
6.21803,585.477,93196.1,732537,94.1579,65632.5,43755,85.481,8.88441,0.869451,307,307,0.2295,0,0
6.26825,585.519,93515,732789,93.4102,66168.2,44112.2,85.4883,8.88461,0.86251,308,308,0.23025,0,0
6.31251,585.472,93790.9,732997,92.7478,66640.2,44426.8,85.4944,8.88476,0.856363,309,309,0.231,0,0
6.35164,585.514,94044.4,733166,92.1831,67057.2,44704.8,85.4993,8.88489,0.851125,310,310,0.23175,0,0
6.38477,585.468,94252.9,733301,91.6975,67410,44940,85.5032,8.88499,0.846622,311,311,0.2325,0,0
6.41307,585.511,94439.7,733408,91.2995,67711.3,45140.9,85.5063,8.88507,0.842932,312,312,0.23325,0,0
6.43602,585.464,94584.4,733492,90.9669,67955.4,45303.6,85.5087,8.88514,0.839849,313,313,0.234,0,0
6.45506,585.508,94712.4,733557,90.7054,68158,45438.7,85.5106,8.88519,0.837425,314,314,0.23475,0,0
6.46982,585.463,94804.7,733606,90.4913,68315,45543.4,85.5121,8.88522,0.835442,315,315,0.2355,0,0
6.48186,585.507,94887.5,733644,90.3301,68443,45628.7,85.5131,8.88525,0.833948,316,316,0.23625,0,0
6.49077,585.462,94941.9,733672,90.1991,68537.8,45691.9,85.514,8.88527,0.832735,317,317,0.237,0,0
6.49805,585.507,94993.7,733693,90.1051,68615.1,45743.4,85.5146,8.88529,0.831864,318,318,0.23775,0,0
6.50316,585.462,95023.2,733708,90.0273,68669.4,45779.6,85.515,8.8853,0.831144,319,319,0.2385,0,0
6.50741,585.507,95055.2,733719,89.9755,68714.6,45809.7,85.5153,8.88531,0.830663,320,320,0.23925,0,0
6.51021,585.462,95069.6,733727,89.9298,68744.4,45829.6,85.5155,8.88531,0.830241,321,321,0.24,0,0
6.51272,585.508,95090.2,733732,89.9021,68771,45847.3,85.5157,8.88532,0.829984,322,322,0.24075,0,0
6.51412,585.462,95095.3,733736,89.8759,68785.8,45857.2,85.5158,8.88532,0.829741,323,323,0.2415,0,0
6.51559,585.507,95109,733739,89.8625,68801.4,45867.6,85.5159,8.88532,0.829618,324,324,0.24225,0,0
6.51631,585.463,95109.7,733740,89.8457,68809,45872.7,85.5159,8.88532,0.829463,325,325,0.243,0,0
6.51717,585.507,95119.4,733741,89.8407,68818.2,45878.8,85.516,8.88532,0.829416,326,326,0.24375,0,0
6.51737,585.462,95116.6,733741,89.831,68820.2,45880.2,85.516,8.88532,0.829327,327,327,0.2445,0,0
6.51798,585.507,95124.6,733741,89.8294,68826.7,45884.5,85.516,8.88532,0.829312,328,328,0.24525,0,0
6.51803,585.462,95120.9,733741,89.822,68827.2,45884.8,85.516,8.88532,0.829243,329,329,0.246,0,0
6.51838,585.506,95127.1,733741,89.8238,68830.9,45887.3,85.5159,8.88532,0.82926,330,330,0.24675,0,0
6.51819,585.461,95121.8,733740,89.8195,68828.9,45885.9,85.5159,8.88532,0.829221,331,331,0.2475,0,0
6.51855,585.505,95128.1,733739,89.8213,68832.7,45888.5,85.5159,8.88532,0.829237,332,332,0.24825,0,0
6.51846,585.461,95123.5,733738,89.8158,68831.7,45887.8,85.5159,8.88532,0.829187,333,333,0.249,0,0
6.51884,585.506,95130,733737,89.8174,68835.7,45890.5,85.5159,8.88532,0.829202,334,334,0.24975,0,0
6.51859,585.461,95124.3,733736,89.8141,68833,45888.7,85.5158,8.88532,0.829171,335,335,0.2505,0,0
6.51884,585.505,95129.9,733735,89.8173,68835.7,45890.5,85.5158,8.88532,0.829201,336,336,0.25125,0,0
6.51847,585.46,95123.4,733734,89.8155,68831.7,45887.8,85.5158,8.88532,0.829184,337,337,0.252,0,0
6.51875,585.504,95129.2,733733,89.8184,68834.6,45889.8,85.5157,8.88532,0.829212,338,338,0.25275,0,0
6.51834,585.458,95122.3,733732,89.8172,68830.2,45886.8,85.5157,8.88532,0.8292,339,339,0.2535,0,0
6.51867,585.502,95128.4,733731,89.8194,68833.7,45889.1,85.5157,8.88532,0.829221,340,340,0.25425,0,0
6.51819,585.457,95121.2,733731,89.8188,68828.7,45885.8,85.5157,8.88532,0.829216,341,341,0.255,0,0
6.51858,585.501,95127.7,733730,89.8202,68832.8,45888.5,85.5156,8.88532,0.829229,342,342,0.25575,0,0
6.51805,585.455,95120,733729,89.8205,68827.1,45884.8,85.5156,8.88531,0.829231,343,343,0.2565,0,0
6.5185,585.499,95126.9,733728,89.8211,68831.9,45887.9,85.5156,8.88531,0.829237,344,344,0.25725,0,0
6.51791,585.452,95118.9,733727,89.8221,68825.6,45883.7,85.5156,8.88531,0.829246,345,345,0.258,0,0
6.51841,585.496,95126.1,733727,89.8219,68830.9,45887.3,85.5155,8.88531,0.829245,346,346,0.25875,0,0
6.51777,585.45,95117.7,733726,89.8236,68824.1,45882.7,85.5155,8.88531,0.82926,347,347,0.2595,0,0
6.51832,585.494,95125.2,733725,89.8229,68829.9,45886.6,85.5155,8.88531,0.829254,348,348,0.26025,0,0
6.51764,585.447,95116.6,733725,89.8249,68822.7,45881.8,85.5155,8.88531,0.829273,349,349,0.261,0,0
6.51821,585.491,95124.2,733724,89.8239,68828.7,45885.8,85.5155,8.88531,0.829263,350,350,0.26175,0,0
6.51752,585.444,95115.5,733723,89.8261,68821.4,45880.9,85.5154,8.88531,0.829284,351,351,0.2625,0,0
6.51809,585.487,95123.1,733723,89.825,68827.4,45885,85.5154,8.88531,0.829273,352,352,0.26325,0,0
6.51741,585.44,95114.4,733722,89.8272,68820.2,45880.1,85.5154,8.88531,0.829294,353,353,0.264,0,0
6.51797,585.484,95122,733722,89.8261,68826.1,45884.1,85.5154,8.88531,0.829284,354,354,0.26475,0,0
6.5173,585.437,95113.3,733721,89.8282,68819,45879.3,85.5154,8.88531,0.829303,355,355,0.2655,0,0
6.51785,585.48,95120.8,733721,89.8272,68824.8,45883.2,85.5154,8.88531,0.829294,356,356,0.26625,0,0
6.51718,585.433,95112.3,733721,89.8291,68817.8,45878.5,85.5154,8.88531,0.829312,357,357,0.267,0,0
6.51772,585.476,95119.6,733720,89.8283,68823.4,45882.3,85.5154,8.88531,0.829305,358,358,0.26775,0,0
6.51708,585.429,95111.2,733720,89.83,68816.7,45877.8,85.5153,8.88531,0.82932,359,359,0.2685,0,0
6.51758,585.471,95118.3,733720,89.8295,68822,45881.3,85.5153,8.88531,0.829316,360,360,0.26925,0,0
6.51698,585.424,95110.2,733719,89.8306,68815.6,45877.1,85.5153,8.88531,0.829326,361,361,0.27,0,0
6.51743,585.466,95116.8,733719,89.8309,68820.3,45880.2,85.5153,8.88531,0.829329,362,362,0.27075,0,0
6.51692,585.42,95109.4,733719,89.8308,68815,45876.7,85.5153,8.88531,0.829327,363,363,0.2715,0,0
6.51722,585.461,95115,733719,89.8329,68818.1,45878.8,85.5153,8.88531,0.829347,364,364,0.27225,0,0
6.51692,585.416,95108.9,733718,89.8302,68814.9,45876.6,85.5153,8.88531,0.829322,365,365,0.273,0,0
6.51695,585.455,95112.7,733718,89.8357,68815.3,45876.9,85.5153,8.88531,0.829373,366,366,0.27375,0,0
6.51697,585.412,95108.9,733718,89.8288,68815.5,45877,85.5153,8.88531,0.829309,367,367,0.2745,0,0
6.51663,585.448,95110,733718,89.8391,68811.9,45874.6,85.5153,8.88531,0.829404,368,368,0.27525,0,0
6.51706,585.407,95109.1,733718,89.827,68816.4,45877.6,85.5153,8.88531,0.829293,369,369,0.276,0,0
6.51633,585.441,95107.4,733718,89.8423,68808.7,45872.5,85.5153,8.88531,0.829434,370,370,0.27675,0,0
6.51709,585.403,95108.9,733718,89.8258,68816.7,45877.8,85.5153,8.88531,0.829282,371,371,0.2775,0,0
6.51609,585.435,95105.3,733718,89.8444,68806.2,45870.8,85.5153,8.88531,0.829454,372,372,0.27825,0,0
6.51703,585.397,95108,733718,89.8257,68816.1,45877.4,85.5153,8.88531,0.829281,373,373,0.279,0,0
6.51595,585.428,95103.7,733718,89.8455,68804.7,45869.8,85.5153,8.88531,0.829464,374,374,0.27975,0,0
6.51691,585.391,95106.6,733718,89.8264,68814.9,45876.6,85.5153,8.88531,0.829287,375,375,0.2805,0,0
6.51584,585.422,95102.4,733718,89.8461,68803.5,45869,85.5153,8.88531,0.829469,376,376,0.28125,0,0
6.51678,585.384,95105.2,733718,89.8272,68813.5,45875.7,85.5153,8.88531,0.829294,377,377,0.282,0,0
6.51571,585.415,95101,733718,89.8468,68802.1,45868.1,85.5153,8.88531,0.829476,378,378,0.28275,0,0
6.51669,585.378,95104,733719,89.8275,68812.5,45875,85.5153,8.88531,0.829297,379,379,0.2835,0,0
6.51554,585.408,95099.3,733719,89.848,68800.4,45866.9,85.5153,8.88531,0.829487,380,380,0.28425,0,0
6.51663,585.371,95103.1,733719,89.8272,68812,45874.6,85.5153,8.88531,0.829295,381,381,0.285,0,0
6.51534,585.401,95097.3,733719,89.8496,68798.3,45865.5,85.5153,8.88531,0.829501,382,382,0.28575,0,0
6.51659,585.364,95102.2,733719,89.8268,68811.5,45874.3,85.5153,8.88531,0.829291,383,383,0.2865,0,0
6.51515,585.393,95095.4,733720,89.8511,68796.3,45864.2,85.5153,8.88531,0.829515,384,384,0.28725,0,0
6.51654,585.358,95101.3,733720,89.8264,68811,45874,85.5153,8.88531,0.829287,385,385,0.288,0,0
6.51495,585.385,95093.4,733720,89.8525,68794.2,45862.8,85.5154,8.88531,0.829528,386,386,0.28875,0,0
6.5165,585.35,95100.4,733720,89.8258,68810.6,45873.7,85.5154,8.88531,0.829282,387,387,0.2895,0,0
6.51474,585.377,95091.3,733721,89.8542,68792,45861.3,85.5154,8.88531,0.829544,388,388,0.29025,0,0
6.5165,585.343,95099.8,733721,89.8248,68810.6,45873.7,85.5154,8.88531,0.829272,389,389,0.291,0,0
6.51449,585.368,95088.9,733722,89.8564,68789.3,45859.6,85.5154,8.88531,0.829564,390,390,0.29175,0,0
6.51653,585.336,95099.4,733722,89.8233,68811,45874,85.5154,8.88531,0.829258,391,391,0.2925,0,0
6.5142,585.359,95086.2,733722,89.859,68786.3,45857.5,85.5154,8.88531,0.829588,392,392,0.29325,0,0
6.51662,585.329,95099.3,733723,89.8211,68811.8,45874.6,85.5154,8.88531,0.829237,393,393,0.294,0,0
6.51385,585.35,95083.1,733723,89.8624,68782.6,45855.1,85.5154,8.88531,0.829619,394,394,0.29475,0,0
6.51678,585.323,95099.8,733723,89.8178,68813.6,45875.7,85.5154,8.88531,0.829207,395,395,0.2955,0,0
6.51339,585.339,95079.2,733724,89.867,68777.8,45851.9,85.5155,8.88531,0.829662,396,396,0.29625,0,0
6.51709,585.317,95101.3,733724,89.8126,68816.9,45877.9,85.5155,8.88531,0.829159,397,397,0.297,0,0
6.51274,585.328,95073.9,733725,89.8742,68771,45847.3,85.5155,8.88531,0.829728,398,398,0.29775,0,0
6.51769,585.312,95104.8,733725,89.8036,68823.3,45882.2,85.5155,8.88531,0.829076,399,399,0.2985,0,0
6.51166,585.313,95065.6,733726,89.887,68759.6,45839.7,85.5155,8.88531,0.829845,400,400,0.29925,0,0
6.51841,585.308,95109.2,733726,89.7931,68830.9,45887.2,85.5156,8.88531,0.828978,401,401,0.3,0,0
